CustomerID,CustomerName,Gender,AgeGroup,City,Region,LoyaltyTier,CustomerSince
CUS0001,Andrew Sullivan,Other,51+,Deannafort,South,Platinum,2022-11-09
CUS0002,Jessica Larson,Female,51+,Larsenview,North,Platinum,2024-05-16
CUS0003,Amanda Jones,Female,18-25,New Danielle,East,Platinum,2022-04-28
CUS0004,Brittany Nelson,Male,36-50,Lake Ronaldfort,West,Platinum,2024-02-13
CUS0005,Mary Gibson,Female,36-50,North Trevorhaven,West,Platinum,2025-01-29
CUS0006,Tyler Gordon,Male,18-25,Lake Michael,West,Bronze,2025-03-15
CUS0007,Colleen Newton,Male,36-50,West Shawnburgh,South,Bronze,2021-12-03
CUS0008,David Reynolds,Other,36-50,Port Jenniferburgh,East,Bronze,2021-09-24
CUS0009,William Hernandez,Other,36-50,Jessicaberg,West,Silver,2023-07-18
CUS0010,Jennifer Keith,Other,26-35,Tapiachester,West,Gold,2025-07-01
CUS0011,Sarah Smith,Male,18-25,Aaronbury,North,Platinum,2024-10-01
CUS0012,Catherine Rios,Female,51+,Myersfort,North,Bronze,2022-09-22
CUS0013,Raymond Butler,Female,26-35,East Lisa,South,Silver,2024-08-09
CUS0014,Amanda Myers,Other,18-25,Dayfort,West,Gold,2023-10-10
CUS0015,Gina Smith,Female,51+,Lake Benjaminton,East,Gold,2025-01-06
CUS0016,Daniel Butler,Female,26-35,West Brandon,West,Bronze,2025-03-03
CUS0017,Sandra Bell,Other,26-35,Patriciaport,West,Bronze,2023-03-13
CUS0018,Kenneth Roberts,Other,26-35,Port Davidborough,East,Platinum,2023-09-22
CUS0019,Jacob Lyons,Male,18-25,South Raymondshire,East,Gold,2022-03-27
CUS0020,Ashley Villanueva,Other,18-25,Cherylside,North,Bronze,2022-09-11
CUS0021,Dennis Smith Jr.,Other,18-25,South Scottshire,West,Bronze,2025-10-14
CUS0022,Valerie Wang,Other,18-25,Gonzalesstad,East,Bronze,2021-10-07
CUS0023,Mary Williams,Female,26-35,Port Tristan,West,Silver,2024-10-31
CUS0024,Shannon Cook,Male,18-25,Gomezberg,West,Silver,2026-01-30
CUS0025,Amy Ryan,Other,51+,Johnsonborough,West,Bronze,2026-05-07
CUS0026,Jeff Carter,Male,51+,Ramosstad,North,Platinum,2026-01-11
CUS0027,Jacob Harris,Other,18-25,Sherrimouth,West,Silver,2022-11-18
CUS0028,Veronica Snyder,Other,18-25,,South,Platinum,2024-02-11
CUS0029,Carolyn Ellis,Male,36-50,Port Margarettown,East,Gold,2022-09-05
CUS0030,Savannah Wilson,Female,36-50,Lake Douglas,North,Platinum,2025-12-11
CUS0031,Sarah Scott,Male,18-25,Port Kaylatown,South,Platinum,2024-08-12
CUS0032,Laura Bailey,Female,18-25,Danielfurt,East,Bronze,2023-08-18
CUS0033,Kathleen Foster,Male,36-50,Josephton,North,Bronze,2023-01-16
CUS0034,Donna Powers,Female,36-50,Robbinschester,West,Bronze,2026-05-29
CUS0035,Michael Galloway,Male,18-25,Andersonville,West,Bronze,2021-09-28
CUS0036,Matthew Vincent,Female,36-50,East Jennifertown,South,Silver,2025-05-08
CUS0037,Matthew York,Female,51+,Kellymouth,West,Platinum,2024-07-20
CUS0038,Michelle Matthews,Other,36-50,Weaverfurt,East,Platinum,2026-02-17
CUS0039,Lori Hurst,Male,36-50,Lake Brenda,North,Platinum,2026-07-05
CUS0040,Shawn Richmond,Male,18-25,East Jesusport,North,Silver,2024-05-30
CUS0041,Richard Torres,Male,18-25,Jeffreybury,West,Silver,2024-12-21
CUS0042,Stephanie Gray,Other,36-50,New Tanyaton,West,Bronze,2024-03-10
CUS0043,Daniel Rojas,Female,36-50,Scottborough,North,Gold,2022-03-03
CUS0044,Martha White,Other,18-25,North Ericshire,South,Bronze,2022-06-22
CUS0045,Dr. Glenn Bradford,Female,18-25,Reginaldland,West,Platinum,2023-03-24
CUS0046,Stephanie Moore,Other,51+,Vasqueztown,North,Platinum,2025-09-20
CUS0047,Jennifer Davis,Female,36-50,Doughertychester,South,Platinum,2025-12-26
CUS0048,Lisa Shaw,Male,36-50,Lake Lance,South,Bronze,2025-04-18
CUS0049,Heather Anderson,Male,36-50,New Lisa,East,Silver,2022-11-22
CUS0050,Amanda Hopkins,Female,36-50,Connietown,South,Silver,2025-01-26
CUS0051,Krista Lee,Female,51+,Lake Jon,West,Silver,2026-07-06
CUS0052,Lindsey Johnson MD,Other,51+,Kellyhaven,West,Gold,2023-08-05
CUS0053,Larry Sullivan,Other,26-35,Vanessaburgh,East,Silver,2025-01-22
CUS0054,Courtney Jones,Female,51+,North Timothy,North,Bronze,2023-12-18
CUS0055,Wanda Williamson,Female,36-50,Janicefort,South,Platinum,2024-03-18
CUS0056,Angela Brown,Male,18-25,East Sarah,East,Platinum,2023-01-10
CUS0057,Christopher Rose,Female,36-50,Michaelland,East,Silver,2024-03-03
CUS0058,Jon Meyer,Other,26-35,Debraport,West,Bronze,2022-05-15
CUS0059,Jimmy Melendez,Other,26-35,New Megan,North,Silver,2021-11-17
CUS0060,Henry Nunez,Other,26-35,South Williammouth,West,Silver,2023-11-12
CUS0061,Aaron Waters,Male,26-35,Lake Lucas,East,Platinum,2025-08-06
CUS0062,Lynn Cardenas,Male,18-25,Lake Jeffreymouth,East,Silver,2022-09-08
CUS0063,Andrea White MD,Other,36-50,Christopherstad,East,Platinum,2025-06-11
CUS0064,Jeffrey Walker,Female,18-25,Samuelland,North,Silver,2024-10-30
CUS0065,Patricia Pope,Male,51+,Lake Joseph,South,Silver,2022-11-07
CUS0066,Glenn Wallace,Other,26-35,Lake Shannon,North,Bronze,2023-06-12
CUS0067,Dale Farmer Jr.,Female,51+,Johnsonfort,West,Gold,2024-12-21
CUS0068,Linda Parker,Other,51+,North Mandyshire,East,Gold,2022-06-03
CUS0069,Jorge Harris,Male,51+,Sarachester,South,Silver,2025-10-06
CUS0070,David Roman,Female,18-25,Woodsfurt,West,Bronze,2023-04-13
CUS0071,Danny Mcmillan,Other,18-25,Gillport,East,Platinum,2023-05-12
CUS0072,Jocelyn Hopkins,Female,26-35,Port Davidburgh,East,Silver,2023-09-22
CUS0073,Robert Ingram,Male,36-50,Henrybury,West,Bronze,2026-03-07
CUS0074,Ivan White,Female,51+,Kathleenmouth,West,Platinum,2024-12-29
CUS0075,David Torres,Other,36-50,New Shane,South,Silver,2024-09-22
CUS0076,James Evans,Other,26-35,East Gina,East,Silver,2025-11-24
CUS0077,Andrew Scott,Other,18-25,Troyfurt,South,Platinum,2023-06-05
CUS0078,Melissa Bishop,Other,51+,North Shirleymouth,East,Silver,2023-07-24
CUS0079,Lisa Davenport,Other,51+,West Miahaven,West,Bronze,2024-04-30
CUS0080,Bridget Harrell,Female,26-35,Brownstad,North,Silver,2025-06-19
CUS0081,Denise Compton,Other,36-50,Jeffreyberg,South,Gold,2025-09-25
CUS0082,Mary Roach,Male,18-25,,West,Silver,2022-12-28
CUS0083,Regina Brown,Female,36-50,Loriside,North,Gold,2025-06-11
CUS0084,Jeff Warren,Other,51+,New Jenniferfurt,South,Bronze,2022-08-22
CUS0085,Dawn Sandoval,Male,18-25,Martinmouth,West,Silver,2025-08-24
CUS0086,Gregory Pierce,Male,51+,South Kimberly,North,Bronze,2024-04-25
CUS0087,Jason Combs,Female,18-25,Moorefort,North,Silver,2022-09-13
CUS0088,Sarah Young,Female,36-50,Gonzalezport,West,Bronze,2021-10-01
CUS0089,Cindy Jones,Female,26-35,South Ronaldville,East,Platinum,2023-10-03
CUS0090,Michael Sanders,Other,51+,Mendozafurt,West,Gold,2022-07-04
CUS0091,Kathryn White,Female,26-35,Hudsonburgh,East,Platinum,2022-04-11
CUS0092,Matthew Wu MD,Male,36-50,Williamsmouth,South,Bronze,2022-02-27
CUS0093,Anna Adams,Male,18-25,Steveberg,East,Gold,2023-04-23
CUS0094,Melissa Lee,Other,18-25,Wendyhaven,North,Bronze,2021-12-03
CUS0095,Dr. Chelsea Blake MD,Female,51+,Allenmouth,West,Silver,2022-12-27
CUS0096,Karen Wiggins PhD,Male,36-50,West Nancyhaven,South,Bronze,2026-07-28
CUS0097,Tiffany Grant,Other,51+,Christopherland,North,Platinum,2025-07-13
CUS0098,Joanne Johnson,Male,18-25,Kennedychester,East,Silver,2026-06-27
CUS0099,Samantha Wilson,Other,18-25,Port Melanieport,East,Platinum,2023-03-15
CUS0100,Cheryl Preston,Female,26-35,West Marcus,East,Silver,2021-09-09
CUS0101,Isaac Sanchez,Other,26-35,Port Jessica,South,Bronze,2021-10-24
CUS0102,Travis Wolfe,Male,36-50,Murphyland,North,Platinum,2023-02-06
CUS0103,Lisa Sweeney,Female,51+,Ruizbury,East,Platinum,2022-02-14
CUS0104,April Patterson,Male,36-50,West Andrea,South,Gold,2022-07-30
CUS0105,Derek Livingston,Female,26-35,Kristopherfurt,West,Silver,2025-08-22
CUS0106,Rachel Golden,Other,51+,South Vincent,North,Platinum,2022-10-26
CUS0107,Sandra Bird,Other,26-35,Jennifershire,South,Silver,2024-03-03
CUS0108,Matthew Galvan,Other,18-25,Port David,North,Gold,2023-09-12
CUS0109,Corey Taylor,Male,26-35,,South,Gold,2023-01-05
CUS0110,Lauren Thomas,Male,18-25,Port Charles,East,Bronze,2024-09-11
CUS0111,Jeremy Krueger,Female,51+,Brendanfort,East,Bronze,2024-05-03
CUS0112,Kenneth Rojas,Other,51+,Taylorville,East,Gold,2022-02-13
CUS0113,Cindy Hernandez,Other,36-50,New Katherine,South,Silver,2026-06-22
CUS0114,Sydney Garcia,Female,18-25,Port Elizabethstad,West,Platinum,2024-09-25
CUS0115,Katherine Simmons,Other,18-25,Hansenton,East,Gold,2025-03-28
CUS0116,Kayla Dodson,Male,18-25,West Jessicatown,West,Gold,2021-09-06
CUS0117,Melanie Terry,Other,36-50,Meyerland,West,Platinum,2025-08-21
CUS0118,Bailey Booth,Male,36-50,Jasonbury,West,Bronze,2023-09-19
CUS0119,Katherine Gonzalez,Female,18-25,Lake Nicoleville,North,Silver,2026-03-01
CUS0120,Kenneth Harvey,Male,51+,New Christopher,East,Platinum,2025-01-15
CUS0121,Tracy Carlson,Female,26-35,New Michellebury,East,Platinum,2023-07-14
CUS0122,Mason Stewart,Male,36-50,,North,Bronze,2025-10-01
CUS0123,Elizabeth Walters,Female,26-35,Johnsonshire,East,Silver,2026-07-25
CUS0124,Victoria Fisher,Male,51+,North Katelynmouth,North,Silver,2026-01-31
CUS0125,Claire Harmon,Male,51+,New Paulborough,West,Silver,2024-09-01
CUS0126,Ryan Gonzalez,Male,51+,Patriciafort,North,Platinum,2022-09-06
CUS0127,Samuel Gutierrez,Female,18-25,West Jamesborough,East,Bronze,2025-08-22
CUS0128,Dr. Heather White,Male,51+,Tammyburgh,South,Gold,2026-04-01
CUS0129,Yolanda Payne,Male,26-35,Port Laurenfort,East,Silver,2021-11-12
CUS0130,Juan Haynes,Female,26-35,Michaelville,East,Silver,2025-01-14
CUS0131,Christine Robbins,Other,51+,Port Masonmouth,West,Gold,2025-05-28
CUS0132,Rachael Garcia,Other,18-25,West James,South,Silver,2022-02-19
CUS0133,Jose Parsons,Female,18-25,Lake Randyfurt,West,Bronze,2024-02-13
CUS0134,Lori Gregory,Other,51+,Erichaven,North,Silver,2026-03-08
CUS0135,Jonathan Cherry,Male,36-50,West Heatherborough,North,Bronze,2024-08-28
CUS0136,Adrian Barajas,Male,26-35,West Kim,West,Silver,2025-07-23
CUS0137,Erika Palmer,Female,18-25,New Jennifer,West,Silver,2026-06-01
CUS0138,John Lewis,Male,36-50,,North,Platinum,2022-05-30
CUS0139,Juan Peters,Male,36-50,Aprilborough,West,Gold,2025-01-30
CUS0140,Joseph Valentine,Male,26-35,Port Jacobtown,West,Platinum,2025-03-27
CUS0141,Matthew Glass,Male,36-50,West Brianland,North,Gold,2024-05-25
CUS0142,Ryan Hughes,Other,36-50,Johnstown,East,Silver,2021-11-01
CUS0143,Robert Torres,Other,26-35,Lake Melissaberg,North,Gold,2025-01-12
CUS0144,Katie Garcia,Male,36-50,Erikaburgh,West,Silver,2023-03-25
CUS0145,Melissa Cruz,Other,36-50,,North,Bronze,2022-01-14
CUS0146,Timothy Alvarado,Male,36-50,Brownton,North,Gold,2024-09-08
CUS0147,Barbara Thomas,Female,36-50,Danielchester,East,Bronze,2022-03-12
CUS0148,SAMUEL ROBERTSON,Female,26-35,East John,North,Silver,2025-02-20
CUS0149,Nicole Reilly,Female,26-35,Lake Robert,East,Platinum,2022-01-11
CUS0150,Robert Gutierrez,Other,18-25,Zacharyton,North,Platinum,2021-08-29
CUS0151,Michael Robinson,Female,26-35,North Robertshire,East,Gold,2025-09-29
CUS0152,Jacob Benitez,Other,18-25,Bullockburgh,North,Silver,2022-10-01
CUS0153,Rebecca Rollins,Other,26-35,Wagnerville,South,Silver,2023-02-08
CUS0154,James Jackson,Male,26-35,Lake Tommyton,South,Platinum,2023-03-17
CUS0155,Michael Heath,Male,26-35,West Jessicastad,South,Platinum,2021-09-08
CUS0156,Tamara Cordova,Female,36-50,New Danielle,East,Gold,2023-10-25
CUS0157,Christian Cisneros,Other,18-25,Whitetown,East,Bronze,2025-02-14
CUS0158,John Ashley Jr.,Other,26-35,Port Sharonshire,West,Bronze,2022-01-17
CUS0159,Hannah Murray,Other,36-50,West Matthewland,West,Gold,2024-05-21
CUS0160,Michelle Tyler,Other,36-50,New Roger,North,Silver,2022-11-16
CUS0161,Chad Webb,Male,26-35,New Kevin,East,Bronze,2022-12-18
CUS0162,Tammy Santiago,Male,36-50,Lake Fernandoberg,North,Silver,2024-09-17
CUS0163,Judy Jackson,Male,51+,Kimberlybury,West,Platinum,2025-03-20
CUS0164,Erik Rogers,Female,26-35,Blackville,North,Bronze,2026-07-20
CUS0165,Eddie Benjamin,Other,26-35,Taylorstad,West,Platinum,2022-10-11
CUS0166,Stephen Ramirez,Other,36-50,East Alexisville,North,Silver,2022-03-18
CUS0167,Jeff Wall,Female,18-25,North Julian,East,Silver,2023-12-16
CUS0168,Michael Rhodes,Other,26-35,Matthewberg,North,Gold,2025-04-26
CUS0169,Tracy Johnson,Male,36-50,South Brian,North,Gold,2023-03-03
CUS0170,Marcus Santos,Female,26-35,Dominguezstad,East,Gold,2023-08-25
CUS0171,Maria Torres,Male,18-25,East Michaelmouth,North,Gold,2025-01-29
CUS0172,Lisa James,Other,26-35,Lake Seth,North,Bronze,2023-08-26
CUS0173,Jason Johnson,Female,26-35,South Danielville,East,Platinum,2024-09-15
CUS0174,Ernest Barrett,Other,51+,Cynthiaberg,North,Bronze,2021-11-16
CUS0175,Stephen Kramer,Female,51+,Olsentown,West,Gold,2025-04-13
CUS0176,Tyler Wood,Other,26-35,East Deborah,East,Platinum,2026-03-01
CUS0177,Juan Morton,Other,26-35,East Daniel,West,Silver,2026-02-02
CUS0178,Jessica Sullivan,Male,18-25,Parkerport,West,Gold,2026-03-04
CUS0179,John Freeman,Other,18-25,New Wendyshire,West,Silver,2023-04-16
CUS0180,Brian Wood,Female,51+,Andersonshire,East,Gold,2021-12-12
CUS0181,Bruce Holland,Female,18-25,Smithfurt,West,Bronze,2023-02-23
CUS0182,Sergio Ramsey,Male,18-25,Matthewhaven,South,Bronze,2024-04-26
CUS0183,Michelle Yang,Female,51+,South Chad,North,Platinum,2023-01-17
CUS0184,Kathleen Lin,Female,36-50,West Debbiemouth,East,Platinum,2024-10-05
CUS0185,William Kirk,Female,18-25,Crystalview,West,Silver,2021-11-22
CUS0186,John Green,Female,26-35,Georgeport,North,Bronze,2026-04-20
CUS0187,Roger Sullivan,Other,26-35,Kruegerport,North,Bronze,2023-03-09
CUS0188,Rachel Navarro,Other,36-50,North Amandaland,West,Platinum,2023-09-02
CUS0189,Nancy Love,Other,36-50,West Madison,North,Silver,2023-12-14
CUS0190,Jessica Holmes,Male,51+,Nicholasberg,South,Gold,2023-12-12
CUS0191,William May,Male,36-50,Lake Zacharyhaven,West,Platinum,2022-03-03
CUS0192,Gabriel Mitchell,Other,51+,Port Matthew,East,Silver,2024-10-06
CUS0193,Heather Stanley,Other,51+,Walshtown,South,Platinum,2025-03-29
CUS0194,Michelle Alvarez,Male,26-35,Mayport,East,Platinum,2024-10-12
CUS0195,Wayne Johnson,Female,26-35,North Toddville,North,Platinum,2025-07-02
CUS0196,Christian Jackson,Female,36-50,Brianaville,North,Bronze,2024-10-25
CUS0197,Kristen Reyes,Male,18-25,West Brian,South,Gold,2023-06-20
CUS0198,Suzanne Martin,Female,36-50,South Taylorside,South,Silver,2023-05-31
CUS0199,Thomas Powell,Female,36-50,Port Natasha,North,Silver,2022-12-27
CUS0200,Christopher Garner,Other,26-35,North Jack,South,Silver,2021-11-26
CUS0201,Jason Conway,Male,26-35,Williamsburgh,West,Bronze,2023-07-08
CUS0202,Antonio Poole,Female,26-35,Lake Joshuamouth,East,Bronze,2023-09-24
CUS0203,Jocelyn Hall,Male,18-25,West Arthur,North,Bronze,2024-06-30
CUS0204,Valerie Navarro MD,Other,51+,Port Harry,East,Gold,2023-07-05
CUS0205,Nicholas Williams,Female,26-35,Lozanoville,East,Silver,2024-12-27
CUS0206,Gabriella Weaver,Female,36-50,Josephstad,West,Bronze,2022-04-12
CUS0207,Kevin Baker,Other,26-35,Lake Anthonyton,East,Platinum,2025-08-05
CUS0208,Amanda Hudson,Male,18-25,Powellton,North,Silver,2023-02-16
CUS0209,Jennifer Sanchez,Male,51+,North Mary,West,Gold,2022-03-31
CUS0210,Julie Martinez,Other,18-25,Kennedyburgh,West,Bronze,2026-01-25
CUS0211,George Jordan,Female,36-50,North Stacy,South,Bronze,2025-01-06
CUS0212,Steven White,Male,26-35,Serranoport,South,Silver,2022-09-23
CUS0213,Amber Gibson,Male,51+,East Douglas,North,Silver,2023-12-19
CUS0214,Tiffany Berg,Male,26-35,Lake Ricardo,North,Silver,2026-04-11
CUS0215,Nicholas Johnson,Male,36-50,Ayalafort,East,Gold,2024-12-17
CUS0216,Tina Whitehead,Other,51+,North Daleborough,West,Bronze,2021-10-24
CUS0217,Michael Carpenter,Male,51+,New Jeffrey,North,Bronze,2026-03-26
CUS0218,Daniel Snyder,Male,26-35,West Justinhaven,North,Bronze,2025-08-18
CUS0219,David Lopez,Female,26-35,Andreafurt,East,Bronze,2024-05-16
CUS0220,Donald Rodriguez,Male,26-35,South Daniel,West,Platinum,2025-03-29
CUS0221,Mark Anderson,Other,51+,East Donna,East,Platinum,2024-06-25
CUS0222,Bryan Henson,Female,51+,Jonesfurt,West,Silver,2024-09-09
CUS0223,Amanda Wells,Female,36-50,Jonesberg,South,Silver,2026-06-09
CUS0224,Mary Wong,Male,18-25,Josephland,South,Gold,2024-07-24
CUS0225,Robert Gonzalez,Male,26-35,Camachoburgh,East,Gold,2024-09-18
CUS0226,Tim Johnson,Female,51+,East Manuelburgh,South,Platinum,2022-10-30
CUS0227,Cody Mullins,Other,26-35,Contrerasmouth,East,Bronze,2026-07-10
CUS0228,Alexandra Medina,Male,51+,Monicaland,North,Gold,2024-07-21
CUS0229,Jared Mullins,Female,26-35,East Michelle,North,Bronze,2024-12-27
CUS0230,Mr. Brian Olsen,Other,36-50,Danielstad,West,Gold,2024-08-22
CUS0231,Jesse Hogan,Male,26-35,South Candiceberg,West,Platinum,2025-06-08
CUS0232,Ryan Thomas,Male,51+,Johnview,South,Platinum,2022-01-01
CUS0233,Richard Mendoza,Female,26-35,Millerfurt,West,Platinum,2023-07-05
CUS0234,Mr. David Mcintyre,Other,26-35,Maryhaven,North,Bronze,2026-07-01
CUS0235,Jessica Smith,Other,36-50,East Wendy,East,Gold,2023-01-20
CUS0236,Morgan Lang,Female,18-25,Dixonfurt,North,Silver,2025-11-13
CUS0237,Roy Johnston,Male,36-50,Perryfurt,East,Silver,2023-07-20
CUS0238,Kimberly Johnson,Male,51+,Robertbury,North,Gold,2021-11-26
CUS0239,Robert Washington,Other,51+,,North,Gold,2025-01-30
CUS0240,Alexis Ruiz,Other,36-50,New Ericton,South,Gold,2022-10-25
CUS0241,Robert Baker,Other,51+,East Lindaport,South,Silver,2023-11-18
CUS0242,Ronald Perez,Other,51+,Lake Douglas,South,Platinum,2023-09-03
CUS0243,Kathy Ramirez,Other,18-25,Jordanfort,West,Silver,2025-09-25
CUS0244,Beth Sanchez,Female,18-25,South Jessica,East,Platinum,2025-12-23
CUS0245,Brenda Parker,Other,36-50,Thompsonhaven,South,Gold,2022-01-27
CUS0246,Sandra Carr MD,Female,36-50,Morahaven,West,Gold,2021-10-11
CUS0247,Sabrina Johnson,Other,18-25,West Andrewborough,South,Silver,2022-10-18
CUS0248,Jessica Carney,Female,36-50,Markberg,East,Bronze,2022-07-28
CUS0249,David Price,Female,18-25,Port Dennis,North,Bronze,2025-02-21
CUS0250,Cassie Huang,Female,26-35,Port Lesliestad,North,Platinum,2022-10-31
CUS0251,Richard Long,Other,18-25,Port Morgan,West,Gold,2024-06-17
CUS0252,Dawn Davis,Male,26-35,Morganland,East,Platinum,2023-09-29
CUS0253,Carrie Haley,Other,26-35,Natashabury,West,Gold,2022-08-22
CUS0254,Robert Smith,Other,51+,Mariamouth,West,Bronze,2025-11-02
CUS0255,Jennifer Manning,Male,51+,Jonesland,North,Silver,2024-03-10
CUS0256,Steven Barrett,Other,18-25,Mooreshire,West,Gold,2022-03-29
CUS0257,Kimberly Mcpherson,Male,36-50,Saraton,East,Silver,2025-06-30
CUS0258,Jessica Neal,Male,36-50,Wendyland,East,Silver,2026-06-18
CUS0259,Omar Fisher,Male,26-35,Michaelshire,West,Platinum,2022-01-09
CUS0260,Jamie Summers,Male,51+,Sullivanburgh,West,Gold,2022-05-02
CUS0261,William Armstrong,Male,26-35,Ginaport,South,Silver,2022-10-24
CUS0262,Nancy Gonzalez,Male,26-35,Terriport,North,Silver,2024-08-30
CUS0263,Brittney Gonzalez,Female,18-25,Mcdonaldview,South,Bronze,2025-03-01
CUS0264,Christopher Garcia,Female,18-25,Lake Kevin,East,Gold,2026-06-13
CUS0265,Mitchell Garza,Female,36-50,Leehaven,East,Silver,2022-02-09
CUS0266,Rebekah Johnston,Male,36-50,West Scott,South,Bronze,2022-03-02
CUS0267,Andre Thompson,Other,18-25,Amberside,North,Platinum,2023-04-10
CUS0268,CHRISTINE JACKSON,Female,51+,North Kennethborough,East,Silver,2025-04-20
CUS0269,Vincent Stewart,Other,26-35,Dennisport,South,Silver,2026-08-05
CUS0270,Jeffrey Miller,Male,26-35,South Jerryborough,South,Platinum,2025-06-02
CUS0271,Mark Miles,Male,26-35,Michelleborough,South,Gold,2022-11-09
CUS0272,Katie Lam,Other,26-35,Kevinfort,West,Silver,2025-08-16
CUS0273,Tracey Norris,Other,26-35,North Raymond,West,Platinum,2024-04-29
CUS0274,Maria Barrera,Male,26-35,Matthewside,South,Bronze,2025-01-23
CUS0275,Jose Torres,Other,51+,Wilsonside,North,Bronze,2023-09-21
CUS0276,Veronica Avila,Female,36-50,South Juliastad,West,Gold,2026-04-27
CUS0277,Christie Mora,Male,51+,Johnchester,West,Gold,2023-05-01
CUS0278,Thomas Burch,Female,36-50,Port Jeffreymouth,East,Platinum,2025-01-31
CUS0279,Angela Garcia,Male,36-50,West Josephbury,South,Gold,2023-11-24
CUS0280,Paul Mcguire,Male,51+,South Terrence,North,Silver,2022-04-13
CUS0281,Karen Butler,Other,18-25,Sylvialand,East,Bronze,2022-07-07
CUS0282,Joseph Cannon,Female,51+,Melissafurt,East,Gold,2024-09-25
CUS0283,William Simmons,Female,18-25,Port Brian,West,Silver,2022-02-03
CUS0284,Louis Brown,Other,18-25,Lake Nicholasmouth,North,Bronze,2024-05-22
CUS0285,Jodi Paul,Other,26-35,Vaughnfort,South,Gold,2026-06-08
CUS0286,Richard Wilson,Other,36-50,Lake Michael,East,Bronze,2022-11-16
CUS0287,William Nguyen,Female,36-50,West Peterville,North,Bronze,2023-10-22
CUS0288,David Singleton,Female,36-50,Brandonmouth,West,Platinum,2022-04-10
CUS0289,George Reed,Other,26-35,,North,Silver,2024-07-15
CUS0290,Carl Peck,Male,26-35,New Michaelborough,East,Platinum,2023-09-05
CUS0291,Colleen Rivera,Male,18-25,Ethanhaven,North,Platinum,2022-07-29
CUS0292,Daniel Williamson,Female,36-50,Tuckerborough,South,Gold,2026-02-01
CUS0293,Christina Howard,Other,26-35,Christinaville,East,Gold,2025-12-22
CUS0294,Reginald Ortiz,Female,26-35,Williamfurt,South,Bronze,2025-02-20
CUS0295,Brittany Cook,Female,51+,Jeremychester,East,Platinum,2022-08-16
CUS0296,Jonathan Davis,Male,26-35,Burnettchester,North,Bronze,2023-06-29
CUS0297,Mark Harper,Female,51+,Michaelborough,West,Gold,2024-08-27
CUS0298,Renee Coleman,Male,36-50,Wayneberg,West,Bronze,2024-08-29
CUS0299,Cynthia Pham,Other,26-35,Padillahaven,East,Bronze,2023-04-22
CUS0300,Destiny Griffin,Male,51+,Lake Marissa,North,Platinum,2024-09-15
CUS0301,Angela Prince,Male,18-25,West Erikland,East,Bronze,2023-06-02
CUS0302,Shane Sawyer,Male,18-25,Fordfurt,West,Silver,2022-05-19
CUS0303,Krista Crane,Female,51+,Greenport,North,Gold,2021-10-05
CUS0304,Caitlin Santiago,Male,51+,Fieldsmouth,South,Gold,2026-07-28
CUS0305,Christina King,Female,36-50,Jordanbury,East,Platinum,2021-11-24
CUS0306,Vincent Keith,Male,26-35,Florestown,East,Platinum,2024-07-16
CUS0307,Matthew Miranda,Other,18-25,New Melissatown,North,Bronze,2024-01-26
CUS0308,Tracy Ramirez,Other,36-50,Garciaton,East,Platinum,2022-12-31
CUS0309,Amy Williams,Other,26-35,New Edward,South,Bronze,2021-11-29
CUS0310,Evan Sherman,Other,51+,New Anthony,North,Platinum,2022-07-16
CUS0311,Amanda Logan,Male,51+,West Scottmouth,East,Platinum,2022-07-11
CUS0312,Michelle Kidd,Other,36-50,Davidfort,West,Silver,2024-02-25
CUS0313,Alyssa Austin,Female,18-25,Cooperport,South,Platinum,2023-03-16
CUS0314,Diane Taylor,Other,18-25,Hallborough,North,Platinum,2025-09-25
CUS0315,Steven Walters,Male,26-35,Nicolechester,South,Platinum,2023-05-08
CUS0316,Amanda Marquez,Female,18-25,Port Brian,North,Gold,2022-05-02
CUS0317,Andrew Henderson,Male,26-35,South Dorothyview,East,Platinum,2024-12-06
CUS0318,Regina Williams,Female,18-25,Danielleshire,West,Silver,2022-11-09
CUS0319,Tammy Wilson DDS,Female,18-25,Stevensonborough,East,Platinum,2022-08-30
CUS0320,Marisa Mcconnell,Male,36-50,Port Jademouth,South,Bronze,2022-03-15
CUS0321,Brittany Cherry,Male,36-50,North Lauren,North,Gold,2024-12-23
CUS0322,Mary Carroll,Male,36-50,North Allison,South,Bronze,2023-07-08
CUS0323,Mary Wilson MD,Other,51+,New Leahton,South,Bronze,2022-06-01
CUS0324,Tamara Hawkins,Female,36-50,Osbornfort,North,Platinum,2026-03-01
CUS0325,Brenda Larsen,Male,51+,Shannonmouth,West,Silver,2022-11-03
CUS0326,Eric Hopkins,Male,36-50,New Dianaborough,West,Bronze,2023-05-19
CUS0327,Jocelyn Lopez,Other,36-50,Wrightshire,South,Silver,2025-02-16
CUS0328,Robert Alvarado,Male,36-50,New Jacqueline,North,Bronze,2026-06-14
CUS0329,Darin Wells,Other,36-50,Cindyview,West,Gold,2023-03-30
CUS0330,Lindsay Johnson,Male,26-35,New Emily,East,Silver,2025-06-15
CUS0331,Steven Gilbert,Female,18-25,Joeland,West,Platinum,2021-10-09
CUS0332,Karen Robinson,Male,18-25,South Patrick,South,Gold,2026-07-18
CUS0333,Tiffany Phillips,Female,18-25,Port Gregoryport,East,Platinum,2024-07-05
CUS0334,Luis Bush,Other,18-25,New Michael,West,Gold,2023-05-13
CUS0335,Clarence Jones,Male,26-35,Lake Hollystad,East,Silver,2025-01-06
CUS0336,Eric Sweeney,Male,26-35,Wheelertown,East,Bronze,2023-11-13
CUS0337,Brian Luna,Male,36-50,Smithborough,East,Silver,2025-01-06
CUS0338,Nathan Hayes,Other,18-25,Christinaton,East,Silver,2022-04-25
CUS0339,Nicole Burton,Male,51+,,North,Bronze,2026-06-02
CUS0340,Aaron Hill,Other,51+,East Danielleberg,South,Bronze,2024-03-03
CUS0341,William Stout,Female,18-25,Jacksonmouth,West,Platinum,2025-09-15
CUS0342,Wyatt Wilkerson,Other,26-35,East Ryanmouth,East,Silver,2021-12-05
CUS0343,Phillip Simmons,Other,51+,East Jacqueline,North,Gold,2025-08-08
CUS0344,Brian Hughes,Other,18-25,Houstonburgh,South,Platinum,2022-03-27
CUS0345,Dustin Martin,Male,26-35,East Kevin,East,Silver,2024-07-06
CUS0346,Kristina Fowler,Female,18-25,Suzannestad,East,Silver,2023-08-16
CUS0347,Troy Harper,Other,36-50,Meganton,East,Silver,2024-07-18
CUS0348,Elizabeth Phillips,Other,36-50,Vernonborough,South,Silver,2025-06-04
CUS0349,Craig Hayes,Other,18-25,West Susan,West,Gold,2026-04-16
CUS0350,Heather Patterson,Other,26-35,Wandachester,South,Gold,2023-09-21
CUS0351,Matthew Rhodes,Male,18-25,Sharpmouth,West,Bronze,2022-03-27
CUS0352,Jacob Decker,Female,36-50,Marshallshire,South,Gold,2023-09-14
CUS0353,George Garcia,Male,26-35,West Christinamouth,South,Bronze,2023-09-13
CUS0354,Eric Martin,Female,36-50,Nicholasfort,East,Gold,2024-09-17
CUS0355,Nicholas Williams,Male,18-25,Haleychester,South,Gold,2025-10-24
CUS0356,Lori Robinson,Female,36-50,New Nathan,North,Bronze,2025-03-15
CUS0357,Charles Marshall,Female,26-35,Port Laurenburgh,South,Gold,2021-10-15
CUS0358,Catherine Thompson,Female,18-25,Port Kimberly,East,Gold,2022-10-06
CUS0359,Kevin Powers,Male,26-35,Josephfurt,East,Silver,2026-07-05
CUS0360,Brandy Vasquez,Other,26-35,West Stephanie,North,Silver,2022-02-15
CUS0361,Kayla Baker,Male,36-50,Mccoymouth,West,Platinum,2024-12-22
CUS0362,Kyle Murphy,Female,51+,Karenside,West,Platinum,2024-08-14
CUS0363,Kimberly Walker,Female,36-50,West Vincent,South,Silver,2024-12-05
CUS0364,Lori Morrison,Other,18-25,South Brittanybury,West,Gold,2026-05-02
CUS0365,Maria Greene,Other,36-50,Douglasside,East,Gold,2025-03-14
CUS0366,Erica Anderson,Female,36-50,New Heatherland,West,Silver,2024-05-15
CUS0367,Eric Andrews II,Male,18-25,North Christopherchester,West,Silver,2022-11-01
CUS0368,Alexander Daniels,Other,26-35,Port Briantown,South,Platinum,2023-01-18
CUS0369,Erica Walton DDS,Female,18-25,New Destinyview,South,Platinum,2021-12-15
CUS0370,Heidi Henry,Female,18-25,West Rhonda,East,Platinum,2026-07-28
CUS0371,Nicolas Jackson,Other,18-25,Lake Kevintown,East,Platinum,2025-01-01
CUS0372,Robin Walter,Male,26-35,New Courtney,East,Silver,2026-05-12
CUS0373,Kelly Whitaker,Other,26-35,Thompsonmouth,West,Gold,2021-10-28
CUS0374,Bryan Riddle,Other,51+,New Brandonborough,North,Silver,2023-12-03
CUS0375,Olivia Jarvis,Other,51+,Claytonshire,East,Bronze,2026-08-03
CUS0376,Alyssa Mathews,Other,26-35,Davischester,West,Silver,2024-07-24
CUS0377,Philip Velasquez,Other,26-35,Port Amber,South,Platinum,2025-07-24
CUS0378,Jamie Burke,Other,26-35,Briannastad,East,Silver,2024-04-27
CUS0379,Joel Brown,Other,36-50,Aguilarberg,East,Bronze,2026-01-17
CUS0380,Ryan Rodriguez,Male,18-25,Paulview,West,Platinum,2024-08-13
CUS0381,Alex Mills,Other,36-50,South Roger,South,Platinum,2021-09-30
CUS0382,Darin Olsen,Male,18-25,,South,Gold,2025-06-08
CUS0383,Willie Erickson,Other,36-50,Silvamouth,South,Silver,2026-05-16
CUS0384,Michael Burke,Female,18-25,New Michael,East,Silver,2024-10-19
CUS0385,Daniel Howard,Male,51+,Brittanyland,East,Bronze,2022-11-08
CUS0386,Kara Mann,Male,51+,Harrellville,East,Gold,2024-06-07
CUS0387,Richard Barker,Female,26-35,North Jenniferbury,East,Gold,2025-08-08
CUS0388,Sherry Mayer,Female,36-50,East Clayton,East,Silver,2022-10-26
CUS0389,Mark Ramos,Male,51+,Johnsville,South,Bronze,2022-05-14
CUS0390,Patricia Butler,Other,36-50,Lake William,North,Bronze,2025-06-02
CUS0391,Amanda Hunt,Male,26-35,East Emilyburgh,East,Gold,2022-07-04
CUS0392,Jordan Thomas,Female,36-50,West Julianport,South,Silver,2024-12-01
CUS0393,Shannon Rodriguez,Other,36-50,Robertsonside,South,Platinum,2022-02-19
CUS0394,Laurie Alvarez,Other,36-50,Port Kellyberg,West,Silver,2024-12-19
CUS0395,Marcus Smith,Other,36-50,New Kenneth,South,Platinum,2022-04-24
CUS0396,Kathleen Mccarthy,Female,18-25,Port Courtney,East,Platinum,2022-02-15
CUS0397,Michael Clark Jr.,Female,36-50,Port Matthewfort,East,Silver,2024-07-01
CUS0398,Robert Davis,Female,36-50,East John,South,Bronze,2023-05-17
CUS0399,Jason Martin,Female,18-25,North Christopher,North,Silver,2026-01-03
CUS0400,Lisa Pennington,Other,26-35,Jensenside,East,Platinum,2023-06-23
CUS0401,Christopher Davis,Other,51+,Smithton,South,Platinum,2023-09-20
CUS0402,Chad Rodriguez,Male,18-25,West Alejandro,North,Platinum,2025-10-25
CUS0403,Jessica Ball,Female,36-50,Elizabethborough,North,Gold,2023-07-31
CUS0404,Bethany Avila,Male,26-35,Lake Marvin,North,Silver,2024-10-15
CUS0405,David Scott,Male,26-35,Weavershire,South,Silver,2023-04-09
CUS0406,Sally Miller,Male,18-25,Williamshire,North,Platinum,2026-04-07
CUS0407,Devon Pruitt,Other,51+,Jillmouth,South,Silver,2022-05-08
CUS0408,Ryan Hopkins,Other,36-50,West Tracyport,East,Gold,2026-07-27
CUS0409,Jo Ward,Other,51+,New Jonathan,East,Gold,2021-08-29
CUS0410,James Garcia,Female,51+,Kevinport,West,Gold,2023-09-27
CUS0411,Karina Black,Other,51+,Jocelynburgh,North,Bronze,2023-03-23
CUS0412,Kayla Dixon,Other,36-50,Evansmouth,North,Silver,2025-12-09
CUS0413,Lisa Jacobson,Female,51+,Johnland,North,Platinum,2024-01-04
CUS0414,Brittney Young,Male,36-50,East Kimberlyfort,West,Gold,2023-05-04
CUS0415,Lisa Freeman,Female,26-35,Woodardberg,West,Silver,2025-05-13
CUS0416,Nancy Lutz MD,Other,36-50,East Jonathan,East,Silver,2022-06-19
CUS0417,Phillip Flynn,Female,18-25,Port Alison,East,Gold,2022-09-11
CUS0418,Charlotte Wells,Male,36-50,East Theresa,West,Bronze,2025-11-23
CUS0419,Amanda Evans,Male,26-35,New Timothyborough,South,Bronze,2025-09-25
CUS0420,Michael Chase,Male,26-35,East Jimmy,South,Gold,2026-03-14
CUS0421,Mary Peters,Other,18-25,Hurleyborough,East,Gold,2022-10-09
CUS0422,Brent Smith,Other,36-50,Sabrinaborough,East,Gold,2026-06-14
CUS0423,Herbert Mcfarland,Other,18-25,South Sherry,West,Bronze,2022-06-10
CUS0424,Larry Mcbride,Female,36-50,Natashaton,South,Bronze,2024-05-30
CUS0425,Jordan Mccarthy,Female,18-25,New Davidville,South,Gold,2025-08-12
CUS0426,Debra Hoffman,Female,51+,Meyersside,West,Bronze,2022-10-26
CUS0427,Marvin Jenkins,Male,36-50,East Diane,West,Platinum,2024-07-26
CUS0428,Vicki Morgan,Female,51+,Jamesport,South,Gold,2024-06-12
CUS0429,Brett Larson,Male,18-25,Lake Alexander,East,Bronze,2021-11-25
CUS0430,Krystal Harding,Female,18-25,West Eddie,South,Bronze,2025-06-30
CUS0431,Tricia Huff,Male,36-50,Port Andrewland,North,Bronze,2025-01-10
CUS0432,Julia Rodriguez,Female,26-35,East Dennis,West,Gold,2024-11-12
CUS0433,Jose Hogan,Male,18-25,Hubbardburgh,South,Gold,2023-03-03
CUS0434,David Berry,Female,26-35,South Davidberg,East,Bronze,2022-01-24
CUS0435,Holly Harvey,Female,18-25,Michaelland,South,Gold,2021-11-24
CUS0436,Brian Hays,Male,36-50,South Kathy,East,Silver,2026-08-05
CUS0437,Marcus Thompson,Male,36-50,South Patrickshire,South,Gold,2024-10-07
CUS0438,Charles Bullock,Male,26-35,North Christopher,East,Gold,2025-06-28
CUS0439,Jonathon Kelly,Other,51+,Sullivanton,South,Bronze,2026-04-09
CUS0440,Amber Watson,Male,18-25,Teresaberg,South,Bronze,2023-12-19
CUS0441,Bruce Grimes,Female,51+,North Paul,North,Platinum,2023-05-03
CUS0442,Brandon Bird,Female,51+,East Paulchester,East,Gold,2025-05-16
CUS0443,Scott Allen,Female,36-50,Chaneybury,West,Bronze,2024-05-16
CUS0444,Joanne Fowler,Male,36-50,Lake Heatherview,West,Silver,2025-08-18
CUS0445,Benjamin Price,Male,36-50,East Danielshire,North,Gold,2025-08-23
CUS0446,Cheryl Lee,Male,18-25,Stantonmouth,West,Platinum,2025-09-29
CUS0447,Kyle Boyd,Other,26-35,Lake Monicaland,West,Platinum,2021-11-29
CUS0448,David Johnson,Other,18-25,South Kimberlyport,South,Bronze,2024-05-31
CUS0449,Megan Moore,Other,26-35,,East,Bronze,2023-01-17
CUS0450,Jennifer Mckay,Female,18-25,Troybury,North,Bronze,2025-09-04
CUS0451,Brandon Wood,Male,36-50,East Paulbury,West,Bronze,2023-05-31
CUS0452,Sarah Campbell,Male,51+,South Erik,North,Gold,2026-07-02
CUS0453,Jesse Cruz,Male,18-25,East Robert,East,Platinum,2025-02-10
CUS0454,Johnny Schneider,Other,36-50,West Lindamouth,East,Bronze,2026-04-24
CUS0455,Elizabeth Sherman,Female,26-35,West Carlachester,West,Platinum,2022-12-11
CUS0456,Mrs. Lindsey Patel,Female,51+,Nelsonfort,South,Gold,2022-01-23
CUS0457,Toni Mcintosh,Female,51+,Lake Deborahport,South,Bronze,2025-11-14
CUS0458,Lisa Gaines,Other,51+,North Daniel,West,Platinum,2021-11-18
CUS0459,Ryan Young,Female,51+,Jacobland,South,Platinum,2022-02-15
CUS0460,Monique Maldonado,Other,51+,Lisaview,West,Platinum,2021-09-03
CUS0461,Michael Green,Male,36-50,Carrton,East,Silver,2025-02-21
CUS0462,Joshua Schmidt,Male,51+,West Alison,West,Silver,2025-05-13
CUS0463,Victoria Newman,Other,26-35,South Jose,North,Platinum,2022-12-15
CUS0464,Jacqueline Austin,Male,18-25,Greenstad,North,Silver,2025-04-16
CUS0465,LYNN WONG,Male,36-50,Lake Kaylaport,North,Gold,2022-09-15
CUS0466,Rebecca Nguyen,Other,51+,Brendafort,East,Platinum,2026-01-17
CUS0467,Amy Schwartz,Female,36-50,Millschester,South,Bronze,2026-02-25
CUS0468,Mr. Evan Brown,Female,51+,West Alyssaside,West,Gold,2025-11-28
CUS0469,Kelly Strickland,Female,18-25,Nathanville,South,Bronze,2025-11-06
CUS0470,Stephanie Shelton,Male,26-35,Port Justin,North,Platinum,2024-01-16
CUS0471,Maria Jensen,Other,26-35,South Matthew,North,Platinum,2022-09-22
CUS0472,Alicia Smith,Male,26-35,Lake Laura,West,Bronze,2026-06-02
CUS0473,Logan Cruz,Female,18-25,Charlesside,South,Bronze,2025-11-08
CUS0474,Anthony Harris,Female,18-25,North Anna,West,Platinum,2022-11-14
CUS0475,Michael Smith,Male,26-35,Larrychester,North,Gold,2023-01-03
CUS0476,Lisa Olson,Other,36-50,,South,Gold,2022-09-12
CUS0477,Joseph Smith MD,Male,36-50,East Jenna,North,Silver,2025-06-24
CUS0478,Stephanie Adams,Female,26-35,North Stephenborough,South,Bronze,2026-01-14
CUS0479,Tiffany Washington,Other,36-50,Garciaview,East,Silver,2023-09-11
CUS0480,Anthony Marshall,Female,36-50,South Javier,East,Gold,2024-10-23
CUS0481,Rebecca Norton,Other,18-25,Reedburgh,East,Bronze,2024-01-31
CUS0482,Anthony Williams,Female,26-35,Walshmouth,East,Bronze,2023-12-26
CUS0483,Kristopher Murray,Male,18-25,New Jasonstad,West,Bronze,2024-10-10
CUS0484,Jennifer Manning,Other,26-35,New Alanville,North,Gold,2021-08-31
CUS0485,Rachel Cochran,Male,51+,North Victortown,East,Bronze,2022-02-23
CUS0486,Nicole Anderson,Female,18-25,East Jacquelineside,North,Platinum,2025-10-05
CUS0487,Terry Williams,Male,18-25,Port Julieville,South,Bronze,2026-03-24
CUS0488,Pam Barry,Female,26-35,Lake Nicholasborough,North,Gold,2025-07-26
CUS0489,Ashley Patton,Female,36-50,Grahamhaven,West,Platinum,2026-02-13
CUS0490,Amanda Pollard,Female,26-35,Christinaland,East,Gold,2022-01-20
CUS0491,Paula Coleman,Other,36-50,New Edward,North,Bronze,2022-05-28
CUS0492,James Mejia,Male,26-35,Williamfurt,North,Silver,2022-04-03
CUS0493,Brian Villanueva,Female,26-35,Smithberg,East,Bronze,2025-09-06
CUS0494,Eric Olsen,Female,18-25,Stewartton,West,Platinum,2026-06-22
CUS0495,Tammy Moore,Female,36-50,Port Aprilberg,North,Silver,2026-03-12
CUS0496,Deborah Warren,Female,26-35,Heatherstad,West,Platinum,2024-09-18
CUS0497,April Beard,Other,18-25,Donaldview,East,Platinum,2024-11-17
CUS0498,Daniel Hanna,Other,26-35,East Darrell,West,Platinum,2023-12-12
CUS0499,Jonathan Jimenez,Female,51+,Port Ginaborough,West,Platinum,2022-05-31
CUS0500,James Vaughn,Female,26-35,North Joe,West,Bronze,2025-07-06
CUS0501,Jeffery Dennis,Male,51+,Ramirezhaven,West,Platinum,2026-01-14
CUS0502,Patrick Spencer,Male,51+,Barrton,West,Silver,2021-11-13
CUS0503,Elizabeth Reynolds,Male,51+,Lake Bethfurt,South,Gold,2023-09-21
CUS0504,Nina Kim,Other,51+,Johnsonburgh,East,Silver,2026-05-08
CUS0505,Sarah Dougherty,Male,18-25,Meganland,South,Silver,2026-02-24
CUS0506,Dawn Espinoza,Male,36-50,South Kennethmouth,East,Bronze,2025-12-10
CUS0507,Dr. Margaret Allison,Male,36-50,Reginastad,East,Gold,2023-12-21
CUS0508,Bailey Watts,Female,51+,Rodriguezborough,West,Silver,2022-11-30
CUS0509,Paul Lewis,Female,26-35,New Regina,North,Gold,2023-12-15
CUS0510,Timothy Frank,Male,51+,Saunderschester,West,Silver,2026-06-02
CUS0511,Nicholas Welch,Other,26-35,South Michelle,North,Platinum,2025-06-18
CUS0512,Donna Patterson,Female,18-25,Matthewview,East,Gold,2024-11-11
CUS0513,Nicholas Cortez,Other,36-50,Lake Craig,West,Gold,2023-02-21
CUS0514,Gabriel Rosales,Female,26-35,Michaelborough,West,Gold,2024-05-26
CUS0515,Victoria Lewis,Female,18-25,West Kristine,West,Silver,2023-04-21
CUS0516,Gregory Butler,Female,18-25,East Kim,South,Silver,2024-04-01
CUS0517,Pamela Cabrera,Female,18-25,Lambertport,East,Bronze,2024-08-25
CUS0518,Mary Mcpherson,Female,18-25,Port Holly,East,Platinum,2024-05-13
CUS0519,David Reid,Male,36-50,Jonesland,East,Silver,2026-02-12
CUS0520,Karen Smith,Male,36-50,Nancyville,West,Bronze,2026-03-29
CUS0521,Raymond Rodriguez,Male,36-50,Monroeborough,East,Silver,2021-12-29
CUS0522,Donald Dunn,Other,26-35,West Amyfurt,South,Gold,2023-04-30
CUS0523,Amy Harris,Male,51+,Gilmorestad,South,Gold,2021-10-06
CUS0524,Samantha Jacobs,Male,51+,North Monica,North,Gold,2023-06-28
CUS0525,Todd Hawkins,Other,36-50,North Anthonyshire,West,Platinum,2025-11-22
CUS0526,Adrian Taylor,Other,26-35,Pereztown,West,Gold,2025-01-04
CUS0527,Keith Thomas,Male,18-25,Fullerside,South,Silver,2021-09-10
CUS0528,Carrie Boyer,Other,18-25,Port Phillip,West,Silver,2023-11-10
CUS0529,Melissa Garcia,Other,51+,Johnton,North,Gold,2023-12-05
CUS0530,Kyle Hancock,Female,18-25,Riddleview,West,Silver,2022-03-11
CUS0531,Traci Reynolds,Male,36-50,Dennisbury,South,Bronze,2021-10-20
CUS0532,Zachary Scott,Female,36-50,Onealport,North,Gold,2026-04-26
CUS0533,Christina Stein,Other,36-50,South Tylerberg,East,Platinum,2025-01-28
CUS0534,Sandra Odonnell,Other,18-25,West Amandafort,East,Silver,2022-12-09
CUS0535,Lauren Freeman,Male,18-25,Dennishaven,South,Gold,2026-05-10
CUS0536,Dr. Matthew Cook,Other,26-35,Gainesside,East,Platinum,2026-04-30
CUS0537,Chelsea Salinas,Other,18-25,Michaelport,North,Bronze,2021-10-12
CUS0538,Diana Martinez,Female,18-25,North Kevinshire,East,Gold,2024-09-06
CUS0539,Philip Copeland,Male,36-50,Roseview,East,Gold,2023-06-30
CUS0540,Sara Johnson,Other,18-25,Scottside,South,Bronze,2023-07-16
CUS0541,Vanessa Jordan,Other,51+,Port Kristen,West,Silver,2022-10-29
CUS0542,David Noble,Other,26-35,North Julieberg,East,Platinum,2024-11-23
CUS0543,Terri Larson,Female,18-25,Port Danielle,North,Silver,2023-08-21
CUS0544,Ryan Freeman,Other,36-50,North Gregory,South,Silver,2023-06-07
CUS0545,Joseph Larsen,Male,18-25,North Jeffreyville,East,Platinum,2025-04-24
CUS0546,Jeremy Martinez,Other,18-25,Lake Jamie,South,Platinum,2024-05-31
CUS0547,Steven Collier,Male,51+,North Matthew,North,Platinum,2023-05-03
CUS0548,Emily Tran,Female,36-50,Jonesland,East,Platinum,2022-10-18
CUS0549,Stacey Lewis,Male,26-35,North Robinview,South,Platinum,2024-04-27
CUS0550,Wendy Rivera,Other,26-35,Lake Regina,West,Platinum,2022-09-15
CUS0551,Douglas Nunez,Female,51+,Port David,South,Platinum,2022-01-22
CUS0552,Mathew Jensen,Male,26-35,Guerrerofort,North,Gold,2024-06-02
CUS0553,Michael Olson,Other,26-35,West Jeffreymouth,East,Platinum,2025-07-27
CUS0554,Kevin Callahan,Other,26-35,Barryfurt,East,Bronze,2023-07-07
CUS0555,Melinda May,Other,36-50,Tammyfurt,South,Platinum,2024-03-21
CUS0556,Denise Miller,Female,36-50,Lorrainebury,East,Platinum,2022-09-02
CUS0557,Angela Flores,Male,36-50,Larrytown,North,Gold,2022-06-30
CUS0558,Beth Holmes,Male,18-25,Morantown,South,Platinum,2025-03-14
CUS0559,Jennifer Jackson,Other,36-50,Jodiside,South,Platinum,2023-04-07
CUS0560,Kurt Davis,Female,51+,Raymondborough,East,Platinum,2025-02-05
CUS0561,Jeremiah Cain,Female,36-50,Millerport,East,Silver,2024-03-09
CUS0562,Tiffany Parker,Male,18-25,North Adam,South,Gold,2024-11-08
CUS0563,Robin Hines,Male,51+,Rojasfort,North,Silver,2026-03-20
CUS0564,Stephen Roach,Female,36-50,Mindyhaven,West,Gold,2022-09-10
CUS0565,Curtis Thompson,Female,26-35,Jeffreybury,North,Silver,2025-02-24
CUS0566,Gary Navarro,Other,26-35,Wattsfurt,North,Platinum,2023-08-27
CUS0567,Zachary Lopez,Female,51+,Andrewfurt,North,Bronze,2023-10-09
CUS0568,James Davidson,Female,18-25,Andrewstad,North,Platinum,2025-03-07
CUS0569,Travis Fisher,Other,18-25,Watsonborough,West,Gold,2022-04-29
CUS0570,Dawn Nelson,Other,26-35,Lake Jennaland,West,Gold,2022-07-19
CUS0571,Michael Monroe,Male,36-50,New Ryan,East,Bronze,2023-01-21
CUS0572,Emily Cobb,Other,18-25,Williamstown,South,Gold,2026-01-09
CUS0573,Melissa Smith,Female,36-50,Garciaborough,West,Silver,2024-04-14
CUS0574,Leslie Page,Female,51+,South Christopher,South,Gold,2022-02-14
CUS0575,Renee Hansen,Female,26-35,New Amandaberg,East,Gold,2022-02-16
CUS0576,Brent Warren,Male,51+,South Jillianmouth,East,Bronze,2023-09-27
CUS0577,Jorge Sanford,Female,51+,Marquezmouth,West,Platinum,2025-05-14
CUS0578,CARLOS HARPER,Male,51+,West Davidhaven,North,Platinum,2024-09-12
CUS0579,Brian Flynn,Female,36-50,Brennanmouth,East,Platinum,2025-08-03
CUS0580,Travis Harris,Male,51+,North Megan,South,Gold,2025-06-17
CUS0581,Dylan Sanchez,Other,18-25,West Devin,West,Bronze,2026-06-21
CUS0582,Megan Simmons,Other,18-25,Port Laurie,North,Platinum,2023-05-08
CUS0583,John Hopkins,Female,51+,North Michelleberg,South,Platinum,2023-03-29
CUS0584,Jessica Schroeder,Other,51+,South Jasonville,East,Gold,2023-11-29
CUS0585,Randall King,Female,26-35,South George,East,Silver,2022-02-10
CUS0586,Theresa Mitchell,Female,26-35,Port Matthew,West,Platinum,2022-08-01
CUS0587,Adam Kennedy,Female,51+,Singletonhaven,East,Gold,2023-11-03
CUS0588,Matthew Phillips,Other,26-35,Kevinview,East,Bronze,2024-04-28
CUS0589,Ryan Wyatt,Female,36-50,Robinsonside,West,Bronze,2024-12-03
CUS0590,Cameron Rivera,Other,18-25,Williamfort,East,Platinum,2026-05-28
CUS0591,Andrew Maxwell,Female,36-50,East Kaylamouth,West,Silver,2021-12-24
CUS0592,Maurice Brooks,Female,18-25,Morrischester,West,Silver,2024-09-21
CUS0593,Melissa Robinson,Other,18-25,Mccormickport,East,Silver,2024-01-11
CUS0594,Darryl Miller MD,Female,18-25,Lake Laurie,East,Silver,2025-10-18
CUS0595,Paula Wright,Female,26-35,North Rodneymouth,West,Bronze,2025-10-02
CUS0596,Nicholas Madden,Female,36-50,Fisherfurt,West,Silver,2023-06-21
CUS0597,Tiffany Ayala,Male,36-50,Meyerston,West,Bronze,2025-12-14
CUS0598,Crystal Werner,Female,36-50,Wyattfort,South,Bronze,2023-11-26
CUS0599,Brandon Huffman,Other,36-50,Jamesfort,West,Gold,2026-02-15
CUS0600,Pamela Meyer,Female,51+,North Jefferyview,East,Silver,2021-10-28
CUS0601,Gabriela Campos,Other,18-25,South Jill,West,Gold,2022-03-19
CUS0602,Christina Blair,Male,18-25,Port Susan,West,Platinum,2021-11-29
CUS0603,Adam Sanders,Other,26-35,Rachelstad,South,Gold,2022-02-16
CUS0604,Tara Wells,Female,36-50,Moranmouth,East,Platinum,2024-04-05
CUS0605,Elizabeth Nash,Other,18-25,Harveystad,South,Gold,2023-12-17
CUS0606,Angela Carter,Female,51+,South Samanthaport,West,Silver,2023-09-20
CUS0607,Lisa Galvan,Female,36-50,Port Jeremiah,South,Gold,2025-03-18
CUS0608,Anne Ryan,Male,36-50,East Kathleen,West,Platinum,2024-12-23
CUS0609,Jenna Gates,Male,18-25,Dustintown,East,Platinum,2022-10-14
CUS0610,Teresa Rivera,Male,51+,North Natalie,North,Gold,2026-03-12
CUS0611,Brent Fischer,Female,18-25,Lake Scottchester,East,Gold,2023-07-04
CUS0612,Robert Robinson,Female,18-25,Port Anna,West,Bronze,2024-08-17
CUS0613,Anthony Joseph,Male,36-50,Royland,North,Bronze,2026-07-31
CUS0614,Rachel Mcmahon,Other,51+,Port Jennifer,North,Silver,2024-01-08
CUS0615,Evan Boyd,Female,36-50,Danielsfurt,East,Silver,2021-12-30
CUS0616,Laura Jenkins,Male,36-50,,West,Bronze,2023-04-25
CUS0617,Jennifer Jones,Female,36-50,Jenniferville,East,Bronze,2023-05-12
CUS0618,Maurice Hunt,Male,36-50,Lake Natasha,South,Silver,2024-06-02
CUS0619,Laura Willis,Other,26-35,Johnland,North,Silver,2022-07-14
CUS0620,Mrs. Kelly Rivera,Other,36-50,West Brandontown,North,Platinum,2025-12-15
CUS0621,William Hayes,Female,36-50,South Jennifer,North,Gold,2022-07-24
CUS0622,John Wright,Other,36-50,East Kerryberg,East,Silver,2023-03-13
CUS0623,Mark Martinez,Other,36-50,Pittsfurt,South,Gold,2022-06-16
CUS0624,John Khan,Female,18-25,Jessicaburgh,West,Gold,2022-02-20
CUS0625,Kathleen Simpson,Female,26-35,Amberberg,West,Silver,2022-01-19
CUS0626,Brandon Castillo,Male,51+,Traceyfort,East,Gold,2025-01-16
CUS0627,Bobby Thomas,Male,51+,Lake Michelleview,West,Platinum,2024-07-24
CUS0628,Lisa Barnes,Female,18-25,Christopherfurt,East,Platinum,2023-08-06
CUS0629,Mr. John Hays,Male,18-25,Saraside,West,Gold,2026-02-14
CUS0630,Jordan Martin,Female,18-25,South William,South,Platinum,2025-02-07
CUS0631,Brent Henson,Other,26-35,Martinezland,South,Silver,2024-07-03
CUS0632,Chloe Benson,Female,36-50,South Noahfort,West,Platinum,2021-08-27
CUS0633,Veronica Walsh,Female,36-50,East Georgemouth,North,Bronze,2024-07-07
CUS0634,Christopher Hill,Other,36-50,Isaachaven,North,Platinum,2026-07-25
CUS0635,Craig Lyons,Male,18-25,East Catherinefort,North,Bronze,2024-02-19
CUS0636,Jennifer Logan,Other,51+,Rodneymouth,West,Platinum,2025-10-14
CUS0637,Kyle Hopkins,Female,26-35,Danielsport,South,Gold,2024-08-19
CUS0638,Melissa Guzman,Other,51+,Lake Gregory,East,Bronze,2022-09-09
CUS0639,Carol Tran,Male,26-35,Masontown,South,Gold,2024-11-12
CUS0640,Jacob Cordova,Other,26-35,Schmidtport,South,Platinum,2023-04-11
CUS0641,Stephanie Eaton,Female,26-35,North Bethany,North,Gold,2022-12-11
CUS0642,Donna Smith,Female,26-35,East Davidburgh,South,Gold,2023-05-14
CUS0643,Alec Jones,Male,26-35,South Phillip,North,Silver,2025-05-20
CUS0644,Jacqueline Hodges,Female,36-50,Marymouth,East,Silver,2023-06-27
CUS0645,Maria Hall,Female,26-35,Kaylaberg,North,Bronze,2024-12-03
CUS0646,Christopher Morton,Male,18-25,Travischester,East,Silver,2021-08-30
CUS0647,Brittany Becker,Other,36-50,South Suzanneton,East,Bronze,2021-11-22
CUS0648,Joseph Bruce,Male,26-35,Nelsonmouth,West,Gold,2024-11-25
CUS0649,Larry Price,Female,26-35,Morrisonbury,South,Silver,2025-05-26
CUS0650,Christina Wagner,Male,26-35,New Sean,East,Silver,2023-10-13
CUS0651,Kristen Hogan,Other,51+,West William,North,Platinum,2026-05-30
CUS0652,Seth Hamilton,Male,18-25,,West,Bronze,2022-11-21
CUS0653,Robert Reid,Male,18-25,South Amy,West,Bronze,2024-01-31
CUS0654,Heather Wilson,Other,18-25,South Sheriview,East,Gold,2026-03-26
CUS0655,Amanda Gonzalez,Other,36-50,West Gregory,West,Platinum,2026-02-27
CUS0656,Misty Brown,Male,51+,Fordberg,West,Platinum,2023-09-04
CUS0657,Cathy Davis,Other,26-35,South Richardmouth,West,Gold,2025-04-29
CUS0658,Raymond Castaneda,Male,36-50,Lambertbury,South,Bronze,2025-02-16
CUS0659,Mr. Austin Lynch,Other,36-50,Denisemouth,South,Gold,2022-12-18
CUS0660,Travis Andrews,Female,26-35,East Antonio,North,Platinum,2022-09-20
CUS0661,Mr. Jeff Villegas,Male,36-50,South David,West,Bronze,2025-03-03
CUS0662,Douglas Hawkins,Female,51+,Jimenezfurt,East,Bronze,2023-05-22
CUS0663,Denise Obrien,Female,51+,Websterland,South,Bronze,2022-09-13
CUS0664,Alison Allen,Other,18-25,Teresaburgh,East,Platinum,2022-12-18
CUS0665,Damon Pierce,Female,51+,Cannonfurt,South,Silver,2024-12-04
CUS0666,Amanda Marshall,Female,18-25,Meganhaven,North,Platinum,2024-11-12
CUS0667,Kelly Marks,Other,36-50,North Bethshire,West,Bronze,2026-03-07
CUS0668,Steven Cantu,Female,36-50,Port Heidi,North,Gold,2022-12-24
CUS0669,Virginia Vaughn,Female,18-25,Calvinview,South,Gold,2024-09-15
CUS0670,PERRY ADKINS,Male,26-35,Jenniferfort,South,Bronze,2023-07-05
CUS0671,Dustin Norton,Female,18-25,South Mary,North,Silver,2024-09-19
CUS0672,Mike Freeman,Other,18-25,Bryantberg,South,Gold,2022-06-13
CUS0673,Elizabeth Solomon,Female,36-50,Port Veronicabury,South,Platinum,2022-10-29
CUS0674,Charles Smith,Other,18-25,Roweton,East,Silver,2025-11-24
CUS0675,Jason Marks,Male,51+,Gallagherchester,West,Silver,2025-02-03
CUS0676,Joshua Williams,Male,18-25,Danielstad,South,Gold,2022-11-04
CUS0677,Mariah Byrd,Other,26-35,South Zacharyland,West,Bronze,2022-06-02
CUS0678,Amanda Peterson,Other,51+,North Anthonyland,West,Silver,2026-05-15
CUS0679,Stephen Reed,Male,36-50,Port Brenda,East,Bronze,2024-12-06
CUS0680,Sharon Scott,Male,36-50,Sherrymouth,North,Bronze,2022-07-23
CUS0681,Brendan Paul,Female,51+,Joshualand,West,Platinum,2022-08-04
CUS0682,Laura Brooks,Female,26-35,South Richardborough,North,Silver,2022-09-08
CUS0683,Juan Stewart,Female,26-35,Brendaton,South,Platinum,2024-01-15
CUS0684,Matthew Gallagher,Female,36-50,Jeanettetown,North,Bronze,2025-10-25
CUS0685,Christine Berger,Other,18-25,Port Donaldfort,East,Bronze,2023-02-04
CUS0686,KATHRYN WILSON,Male,36-50,Careytown,South,Silver,2025-01-21
CUS0687,Lindsay Wall,Other,51+,North Joshua,North,Gold,2022-04-22
CUS0688,Zachary Stone,Male,51+,Taylorshire,South,Silver,2026-06-03
CUS0689,Richard Lopez,Male,18-25,Brianberg,South,Platinum,2022-01-08
CUS0690,Frank Lin,Male,18-25,Lake Daniel,South,Gold,2022-02-15
CUS0691,Amy Miles,Male,18-25,Juliehaven,North,Bronze,2024-06-18
CUS0692,Louis Arnold,Female,18-25,Josephtown,North,Platinum,2024-08-06
CUS0693,Tony Greer,Female,36-50,Veronicamouth,West,Platinum,2021-12-29
CUS0694,Sue May,Other,26-35,Lake Stephanieview,East,Silver,2024-03-07
CUS0695,John Rogers,Male,26-35,Hernandeztown,North,Bronze,2025-11-27
CUS0696,Amber Watson,Female,36-50,New Deborahport,South,Gold,2023-01-01
CUS0697,Brian Smith,Other,18-25,East Marybury,North,Silver,2026-03-14
CUS0698,James Brooks,Other,36-50,Reynoldston,North,Bronze,2025-11-06
CUS0699,Alyssa Bailey,Female,26-35,Port Williamstad,East,Silver,2024-11-04
CUS0700,Jessica Washington,Other,26-35,Port Linda,South,Gold,2024-06-29
CUS0701,Lauren Mcintosh,Other,26-35,Tonybury,East,Silver,2023-12-10
CUS0702,Sarah Williams,Female,51+,West Molly,South,Gold,2022-01-22
CUS0703,Patty Dennis,Female,26-35,Mortontown,South,Bronze,2024-08-03
CUS0704,Jesus Knox,Female,51+,Tylerport,East,Platinum,2022-07-31
CUS0705,Crystal Miller,Other,36-50,Port Cynthiaton,East,Bronze,2022-04-19
CUS0706,Pamela Anderson,Female,18-25,Coleside,East,Bronze,2022-03-11
CUS0707,Scott Wright,Male,26-35,North Wendy,West,Silver,2023-06-27
CUS0708,John Morse,Other,26-35,East Kyleborough,West,Silver,2025-08-14
CUS0709,Catherine Ramos,Female,18-25,Port Michael,West,Bronze,2023-03-28
CUS0710,Susan Long,Female,51+,Lake Dominiquemouth,West,Gold,2026-03-20
CUS0711,Anthony Ward,Other,18-25,Samanthaborough,East,Bronze,2024-05-08
CUS0712,Ronnie Grimes,Female,36-50,North Melissaview,South,Platinum,2022-09-30
CUS0713,Melissa Ballard,Other,36-50,Shawnville,South,Gold,2024-06-05
CUS0714,John Oliver,Other,26-35,Christineville,East,Platinum,2025-08-12
CUS0715,Veronica Savage,Male,36-50,West Elizabethville,East,Platinum,2026-05-22
CUS0716,Jason Oneal,Male,18-25,Johnnymouth,North,Platinum,2022-02-10
CUS0717,Russell Sellers,Female,36-50,Bridgesfurt,North,Silver,2023-08-04
CUS0718,Heidi Gates,Other,51+,Elizabethbury,East,Platinum,2025-07-04
CUS0719,JENNIFER JIMENEZ,Male,26-35,Colemanstad,South,Silver,2024-08-25
CUS0720,Lisa Williams,Male,36-50,West Juan,East,Silver,2025-06-28
CUS0721,Steven Hoffman,Male,26-35,Whitefurt,South,Gold,2023-10-12
CUS0722,Ryan Austin,Female,36-50,New Deborahville,South,Silver,2023-03-14
CUS0723,KIMBERLY HALL,Female,26-35,Lake Matthew,North,Bronze,2026-04-26
CUS0724,Nicole Gonzalez,Female,36-50,Christopherborough,North,Platinum,2022-01-12
CUS0725,Haley Wilson,Male,18-25,South Peggyburgh,South,Platinum,2024-01-22
CUS0726,Cody Parker,Male,18-25,South George,East,Gold,2022-07-10
CUS0727,Stacy Burgess,Male,51+,Gallagherland,East,Silver,2024-09-04
CUS0728,Jennifer Martin,Other,51+,West Alexa,East,Gold,2023-05-06
CUS0729,Virginia Fitzpatrick,Male,36-50,Dorisville,West,Bronze,2022-09-20
CUS0730,Emily Maldonado,Other,18-25,Torreshaven,South,Bronze,2023-11-14
CUS0731,Alexander Hayes,Other,18-25,Hernandezchester,West,Platinum,2022-03-03
CUS0732,Mr. Jeffrey Lawrence,Other,51+,South Davidbury,North,Platinum,2025-04-29
CUS0733,Gary Miller,Female,26-35,New Lesliemouth,East,Gold,2023-03-16
CUS0734,Tiffany Martinez,Male,51+,West Sandrahaven,South,Silver,2026-05-28
CUS0735,Joshua Smith,Female,36-50,Kirkland,East,Silver,2024-12-23
CUS0736,Ronnie Contreras,Male,51+,Catherineville,North,Platinum,2023-02-28
CUS0737,Zachary Vasquez,Other,26-35,Megantown,West,Silver,2022-02-16
CUS0738,Louis Hill,Other,18-25,South Gailport,North,Gold,2026-07-31
CUS0739,John Lopez,Female,51+,Huanghaven,West,Bronze,2022-12-28
CUS0740,Ann Adams,Female,36-50,Huntertown,North,Platinum,2024-09-19
CUS0741,Mr. John Garcia,Other,36-50,Rebeccaville,North,Silver,2023-03-13
CUS0742,Douglas Vincent,Other,18-25,Markborough,South,Bronze,2024-05-05
CUS0743,Janet Johnson,Female,51+,Thompsonfurt,North,Platinum,2023-10-07
CUS0744,Sean Williams,Female,26-35,Johnhaven,South,Silver,2024-03-22
CUS0745,Ronald Collins,Female,18-25,Port Taylor,East,Gold,2022-06-29
CUS0746,Stephen Morrow,Other,26-35,South Sarahport,North,Platinum,2025-03-28
CUS0747,David Smith,Other,18-25,Lake Adamtown,East,Bronze,2022-12-13
CUS0748,Belinda Bishop,Female,36-50,New Christopherhaven,North,Silver,2024-01-11
CUS0749,Allen Vasquez,Female,36-50,Allenberg,North,Gold,2025-08-28
CUS0750,Christopher Casey,Male,18-25,Port Ronald,East,Platinum,2025-11-26
CUS0751,Ronald Thomas,Female,18-25,Zamoramouth,South,Platinum,2024-07-21
CUS0752,David Clark,Female,26-35,East Robert,South,Gold,2025-09-27
CUS0753,Debbie Harris,Male,51+,Michelleshire,West,Bronze,2023-12-22
CUS0754,Eric Wood,Other,36-50,Lake Donna,East,Silver,2025-08-31
CUS0755,Elizabeth Fisher,Male,18-25,Hollowaytown,West,Gold,2024-09-04
CUS0756,Judy Mcdonald,Female,51+,Lake Leonview,North,Silver,2024-11-24
CUS0757,Thomas Hughes,Male,36-50,Port Caseyland,West,Gold,2025-02-16
CUS0758,Jason Love,Female,26-35,Lake Michael,South,Platinum,2023-01-30
CUS0759,Jessica Williams,Female,18-25,New Karen,West,Bronze,2024-07-03
CUS0760,Collin Green,Other,36-50,Melissaborough,West,Platinum,2024-04-26
CUS0761,Tammy Turner,Female,51+,East Mark,North,Silver,2024-10-30
CUS0762,John Thompson,Male,18-25,Cindymouth,West,Bronze,2023-05-31
CUS0763,Brian Robertson,Other,26-35,Wandaborough,North,Gold,2024-04-23
CUS0764,Jason Reed,Male,36-50,Brownland,South,Gold,2025-04-19
CUS0765,Cameron Jones,Male,18-25,Lake Kathleen,North,Silver,2025-02-14
CUS0766,Heather Clark,Other,51+,Gregoryport,East,Silver,2023-01-28
CUS0767,Samantha Rogers,Female,18-25,Karenmouth,South,Bronze,2023-01-30
CUS0768,Michelle Hall,Female,51+,Blackwellborough,West,Silver,2024-06-09
CUS0769,Chris Dillon,Female,36-50,North Cindy,South,Platinum,2022-08-09
CUS0770,David Campos,Female,26-35,North Michael,East,Silver,2024-01-31
CUS0771,Donna James,Female,36-50,Port Ryanside,West,Bronze,2025-03-29
CUS0772,Rhonda Navarro,Other,51+,Lake Jonathan,West,Platinum,2022-02-26
CUS0773,Richard Perry,Male,36-50,North Amyland,East,Platinum,2021-11-04
CUS0774,Alejandro White,Female,18-25,Lake Donaldshire,South,Silver,2023-04-30
CUS0775,Christopher Dalton,Other,26-35,Carlsonbury,East,Gold,2022-04-30
CUS0776,Henry Green,Other,51+,Theresaburgh,East,Gold,2023-09-06
CUS0777,Casey Manning,Other,36-50,North Kenneth,East,Platinum,2023-03-27
CUS0778,Ashley Brewer,Other,36-50,Marcfurt,North,Bronze,2024-01-28
CUS0779,Katherine Porter,Female,36-50,Port Marialand,West,Gold,2025-01-07
CUS0780,Pam Garcia,Female,51+,South Amanda,South,Bronze,2022-07-29
CUS0781,Michelle Long,Female,51+,Michaelview,West,Bronze,2023-09-16
CUS0782,Christine Love,Other,26-35,North Austin,West,Platinum,2026-01-04
CUS0783,Bradley Gibson,Female,18-25,East Jacqueline,North,Bronze,2022-02-23
CUS0784,George Gibson,Female,51+,Kimburgh,North,Bronze,2024-10-10
CUS0785,Christopher Lewis,Male,36-50,Mitchellshire,North,Gold,2022-10-21
CUS0786,Olivia Ferguson,Other,36-50,,West,Platinum,2024-01-15
CUS0787,Kathleen Carroll,Female,36-50,Hudsonshire,North,Platinum,2022-09-23
CUS0788,Ashley Hudson,Other,26-35,Lake Ashleyside,East,Bronze,2026-06-18
CUS0789,JULIA PRICE,Female,26-35,East Sylvia,South,Bronze,2022-01-24
CUS0790,Alexa Thomas,Male,51+,West Matthewfort,North,Silver,2025-11-09
CUS0791,Philip Escobar,Male,26-35,Clarkborough,East,Gold,2022-08-28
CUS0792,AMANDA WAGNER,Male,18-25,Ortizchester,West,Silver,2024-02-20
CUS0793,Taylor Wood,Male,26-35,Jasonland,North,Silver,2023-07-24
CUS0794,Amy Lambert,Male,36-50,Gomezland,West,Silver,2023-03-01
CUS0795,Sarah Clark,Female,18-25,Grossport,South,Gold,2025-05-14
CUS0796,Gerald Gonzales,Male,18-25,Lake Brandonborough,South,Platinum,2025-01-09
CUS0797,Dr. Julia Berry MD,Female,36-50,Amymouth,West,Platinum,2024-08-31
CUS0798,Sharon Evans MD,Male,51+,East Cory,North,Bronze,2024-06-19
CUS0799,Carol Garcia,Female,26-35,Jasmineside,East,Silver,2023-10-20
CUS0800,Marvin Juarez,Other,18-25,New Bradleyview,South,Bronze,2021-11-20
