ReturnID,SalesID,ReturnDate,ProductID,StoreID,CustomerID,ReturnQuantity,RefundAmount,ReturnReason
RET0001,SAL05862,2023-05-02,PRD108,ST04,CUS0366,1,120.93,Defective
RET0002,SAL05740,2023-11-22,PRD051,ST03,CUS0012,1,1756.76,Performance Issues
RET0003,SAL10083,2022-04-05,PRD066,ST04,CUS0245,1,1453.37,Changed Mind
RET0004,SAL07534,2022-12-21,PRD009,ST17,CUS0249,1,510.95,Damaged
RET0005,SAL01667,2025-05-17,PRD036,ST08,CUS0027,1,738.46,Changed Mind
RET0006,SAL04405,2024-12-30,PRD038,ST08,CUS0324,1,398.73,Performance Issues
RET0007,SAL04531,2025-04-05,PRD091,ST01,CUS0135,1,266.06,Wrong Item
RET0008,SAL04810,2022-03-23,PRD062,ST03,CUS0519,1,1213.67,Damaged
RET0009,SAL08422,2025-07-30,PRD030,ST15,CUS0091,1,19.7,Damaged
RET0010,SAL03100,2025-05-03,PRD055,ST10,CUS0040,1,94.29,Wrong Item
RET0011,SAL06663,2024-10-25,PRD108,ST02,CUS0415,1,134.02,Changed Mind
RET0012,SAL06305,2025-01-15,PRD012,ST15,CUS0510,1,275.4,Defective
RET0013,SAL08930,2025-02-28,PRD109,ST13,CUS0388,1,1410.97,Defective
RET0014,SAL11203,2025-05-14,PRD021,ST15,CUS0567,1,1317.01,Damaged
RET0015,SAL03570,2022-03-25,PRD116,ST04,CUS0076,1,215.85,Changed Mind
RET0016,SAL02394,2024-10-28,PRD022,ST15,CUS0080,1,272.09,Performance Issues
RET0017,SAL01712,2022-12-15,PRD068,ST15,CUS0174,2,626.68,Performance Issues
RET0018,SAL01651,2022-11-17,PRD009,ST03,CUS0210,1,743.24,Changed Mind
RET0019,SAL04928,2024-07-31,PRD020,ST10,CUS0238,1,181.47,Changed Mind
RET0020,SAL05553,2024-11-15,PRD035,ST05,CUS0461,1,720.38,Defective
RET0021,SAL03905,2023-02-20,PRD049,ST05,CUS0235,1,223.66,Damaged
RET0022,SAL08465,2022-11-24,PRD118,ST16,CUS0533,1,899.8,Damaged
RET0023,SAL04794,2023-07-24,PRD112,ST02,CUS0029,1,557.47,Wrong Item
RET0024,SAL05229,2023-04-05,PRD106,ST10,CUS0421,1,1593.3,Changed Mind
RET0025,SAL09614,2023-01-01,PRD049,ST10,CUS0573,1,283.76,Changed Mind
RET0026,SAL04352,2024-02-29,PRD046,ST07,CUS0015,1,440.6,Damaged
RET0027,SAL09202,2023-09-23,PRD049,ST14,CUS0538,1,1166.98,Wrong Item
RET0028,SAL07769,2022-10-17,PRD059,ST06,CUS0215,1,136.36,Changed Mind
RET0029,SAL02870,2023-08-08,PRD086,ST04,CUS0598,1,454.16,Damaged
RET0030,SAL08492,2024-11-14,PRD111,ST06,CUS0596,1,363.95,Wrong Item
RET0031,SAL08265,2025-07-11,PRD073,ST17,CUS0326,1,867.91,Wrong Item
RET0032,SAL09147,2023-01-11,PRD100,ST08,CUS0216,1,177.13,Wrong Item
RET0033,SAL09767,2023-10-17,PRD030,ST05,CUS0321,1,29.48,Wrong Item
RET0034,SAL10801,2022-03-06,PRD105,ST07,CUS0208,2,945.73,Changed Mind
RET0035,SAL03969,2022-12-05,PRD098,ST08,CUS0105,1,309.26,Performance Issues
RET0036,SAL00442,2024-01-05,PRD019,ST14,CUS0203,2,845.08,Damaged
RET0037,SAL08159,2022-06-02,PRD021,ST15,CUS0198,1,425.14,Wrong Item
RET0038,SAL07540,2025-06-10,PRD038,ST09,CUS0147,1,320.01,Changed Mind
RET0039,SAL10798,2025-01-21,PRD118,ST13,CUS0171,3,1505.43,Damaged
RET0040,SAL04932,2023-12-15,PRD025,ST05,CUS0049,1,812.85,Defective
RET0041,SAL11851,2024-06-15,PRD077,ST15,CUS0561,1,127.0,Changed Mind
RET0042,SAL11317,2023-07-27,PRD090,ST07,CUS0405,1,296.68,Wrong Item
RET0043,SAL08919,2024-10-21,PRD042,ST02,CUS0378,1,305.57,Defective
RET0044,SAL02972,2023-11-19,PRD082,ST06,CUS0363,1,772.76,Performance Issues
RET0045,SAL06945,2025-02-04,PRD034,ST12,CUS0082,1,437.23,Performance Issues
RET0046,SAL04845,2024-05-04,PRD046,ST08,CUS0591,2,1169.85,Wrong Item
RET0047,SAL11573,2022-03-25,PRD022,ST08,CUS0314,1,300.24,Damaged
RET0048,SAL05858,2024-11-13,PRD049,ST16,CUS0452,2,665.67,Damaged
RET0049,SAL09414,2023-11-17,PRD063,ST17,CUS0196,1,135.04,Performance Issues
RET0050,SAL06911,2024-01-25,PRD010,ST16,CUS0475,1,291.49,Wrong Item
RET0051,SAL07829,2023-05-17,PRD015,ST04,CUS0588,1,588.72,Wrong Item
RET0052,SAL11872,2025-08-27,PRD104,ST12,CUS0453,1,498.1,Defective
RET0053,SAL09755,2023-12-12,PRD012,ST17,CUS0181,1,460.61,Defective
RET0054,SAL00470,2023-02-26,PRD106,ST17,CUS0165,2,1188.36,Changed Mind
RET0055,SAL04922,2025-04-01,PRD006,ST16,CUS0561,1,1375.45,Damaged
RET0056,SAL11966,2023-02-06,PRD003,ST15,CUS0217,1,95.99,Defective
RET0057,SAL01377,2024-11-29,PRD055,ST17,CUS0008,1,54.83,Performance Issues
RET0058,SAL08747,2024-12-28,PRD097,ST12,CUS0220,1,267.45,Performance Issues
RET0059,SAL09176,2023-08-03,PRD041,ST16,CUS0283,2,1781.5,Defective
RET0060,SAL03910,2024-02-12,PRD032,ST13,CUS0246,1,621.85,Changed Mind
RET0061,SAL04616,2022-05-03,PRD098,ST09,CUS0282,1,267.98,Damaged
RET0062,SAL06788,2024-12-01,PRD115,ST13,CUS0013,1,794.26,Defective
RET0063,SAL10651,2024-10-13,PRD048,ST01,CUS0365,1,950.63,Performance Issues
RET0064,SAL11020,2025-07-18,PRD081,ST13,CUS0392,1,273.02,Changed Mind
RET0065,SAL02288,2025-08-18,PRD036,ST15,CUS0574,1,244.35,Damaged
RET0066,SAL06626,2023-05-17,PRD095,ST02,CUS0009,2,848.69,Wrong Item
RET0067,SAL02985,2022-11-02,PRD019,ST05,CUS0378,1,1269.83,Damaged
RET0068,SAL10188,2024-07-07,PRD104,ST04,CUS0204,1,254.02,Performance Issues
RET0069,SAL09727,2025-03-23,PRD006,ST04,CUS0578,1,342.82,Defective
RET0070,SAL05213,2024-10-21,PRD002,ST12,CUS0468,1,228.7,Damaged
RET0071,SAL04282,2025-03-05,PRD090,ST04,CUS0470,1,520.83,Damaged
RET0072,SAL10261,2025-03-16,PRD048,ST07,CUS0463,1,486.18,Performance Issues
RET0073,SAL08895,2022-10-20,PRD116,ST02,CUS0046,1,303.14,Performance Issues
RET0074,SAL07288,2022-11-06,PRD100,ST05,CUS0010,1,634.92,Damaged
RET0075,SAL09940,2025-02-18,PRD036,ST06,CUS0282,2,743.81,Defective
RET0076,SAL02964,2023-10-21,PRD066,ST16,CUS0298,1,710.67,Damaged
RET0077,SAL05564,2023-03-01,PRD049,ST10,CUS0176,1,442.15,Wrong Item
RET0078,SAL08340,2024-07-30,PRD109,ST03,CUS0164,1,1471.78,Changed Mind
RET0079,SAL07483,2022-06-30,PRD094,ST04,CUS0552,1,424.37,Performance Issues
RET0080,SAL00124,2023-09-17,PRD035,ST12,CUS0184,1,769.88,Wrong Item
RET0081,SAL00513,2023-01-13,PRD065,ST14,CUS0586,1,542.05,Damaged
RET0082,SAL05791,2023-11-19,PRD023,ST15,CUS0297,1,82.12,Performance Issues
RET0083,SAL05756,2023-04-28,PRD005,ST17,CUS0181,1,1345.92,Performance Issues
RET0084,SAL00925,2024-02-11,PRD020,ST11,CUS0331,1,98.33,Wrong Item
RET0085,SAL01645,2024-11-08,PRD058,ST11,CUS0447,1,85.36,Defective
RET0086,SAL05713,2024-05-28,PRD023,ST16,CUS0053,1,43.85,Damaged
RET0087,SAL10870,2023-03-15,PRD047,ST10,CUS0193,1,216.83,Defective
RET0088,SAL11420,2025-02-07,PRD004,ST04,CUS0162,1,502.94,Defective
RET0089,SAL11388,2023-06-15,PRD098,ST16,CUS0594,1,668.56,Wrong Item
RET0090,SAL04746,2022-09-28,PRD095,ST04,CUS0133,1,187.93,Performance Issues
RET0091,SAL06244,2024-05-29,PRD011,ST09,CUS0175,1,188.16,Changed Mind
RET0092,SAL00825,2023-05-08,PRD078,ST13,CUS0331,1,364.81,Defective
RET0093,SAL08353,2022-03-02,PRD086,ST04,CUS0172,1,410.66,Changed Mind
RET0094,SAL05863,2024-06-08,PRD116,ST13,CUS0451,1,725.09,Wrong Item
RET0095,SAL07630,2024-01-25,PRD106,ST14,CUS0565,1,2016.87,Changed Mind
RET0096,SAL06432,2023-08-08,PRD033,ST05,CUS0498,1,521.04,Performance Issues
RET0097,SAL01915,2025-03-09,PRD004,ST14,CUS0521,2,2342.55,Defective
RET0098,SAL05750,2023-04-01,PRD015,ST06,CUS0233,1,225.44,Performance Issues
RET0099,SAL08831,2023-10-19,PRD026,ST04,CUS0160,1,491.46,Changed Mind
RET0100,SAL02697,2022-11-14,PRD110,ST01,CUS0453,1,518.15,Changed Mind
RET0101,SAL05321,2024-07-07,PRD060,ST16,CUS0342,1,62.55,Changed Mind
RET0102,SAL06388,2023-02-03,PRD116,ST08,CUS0371,1,264.14,Damaged
RET0103,SAL01986,2025-02-10,PRD005,ST07,CUS0270,1,403.3,Defective
RET0104,SAL04567,2023-09-02,PRD036,ST17,CUS0102,1,585.84,Damaged
RET0105,SAL00946,2025-01-23,PRD069,ST01,CUS0465,2,138.65,Changed Mind
RET0106,SAL10898,2024-01-20,PRD018,ST08,CUS0095,1,1156.23,Wrong Item
RET0107,SAL07050,2023-08-03,PRD102,ST16,CUS0341,1,45.71,Damaged
RET0108,SAL10973,2024-07-15,PRD096,ST12,CUS0343,1,632.82,Defective
RET0109,SAL05762,2024-06-13,PRD021,ST13,CUS0350,1,337.76,Wrong Item
RET0110,SAL00894,2025-04-09,PRD031,ST16,CUS0385,1,517.94,Defective
RET0111,SAL09017,2024-11-19,PRD072,ST11,CUS0026,1,78.46,Wrong Item
RET0112,SAL02443,2025-01-01,PRD042,ST09,CUS0362,2,2219.11,Defective
RET0113,SAL05218,2024-07-12,PRD072,ST14,CUS0534,1,119.67,Wrong Item
RET0114,SAL06576,2022-06-14,PRD047,ST15,CUS0134,1,540.5,Wrong Item
RET0115,SAL05191,2025-04-11,PRD003,ST03,CUS0460,1,107.18,Damaged
RET0116,SAL01316,2023-01-22,PRD115,ST02,CUS0186,1,365.69,Wrong Item
RET0117,SAL04742,2024-04-01,PRD035,ST03,CUS0483,3,1574.89,Wrong Item
RET0118,SAL08134,2022-04-10,PRD003,ST15,CUS0021,1,58.14,Changed Mind
RET0119,SAL11449,2024-10-17,PRD057,ST09,CUS0401,1,500.74,Damaged
RET0120,SAL03638,2024-04-03,PRD064,ST14,CUS0345,1,42.31,Changed Mind
RET0121,SAL05616,2024-02-16,PRD078,ST09,CUS0395,1,309.77,Wrong Item
RET0122,SAL02028,2023-01-07,PRD111,ST01,CUS0143,1,975.23,Wrong Item
RET0123,SAL06159,2024-12-13,PRD067,ST17,CUS0468,1,859.59,Damaged
RET0124,SAL06742,2025-05-11,PRD118,ST13,CUS0123,1,796.56,Defective
RET0125,SAL02817,2023-08-16,PRD072,ST15,CUS0280,1,339.32,Performance Issues
RET0126,SAL04711,2024-05-18,PRD091,ST06,CUS0570,1,265.11,Damaged
RET0127,SAL10929,2023-08-04,PRD083,ST07,CUS0590,1,904.44,Changed Mind
RET0128,SAL10018,2024-05-24,PRD086,ST07,CUS0110,1,1419.27,Performance Issues
RET0129,SAL00512,2023-02-24,PRD045,ST10,CUS0466,2,1906.2,Damaged
RET0130,SAL04466,2022-08-03,PRD119,ST06,CUS0082,1,740.8,Defective
RET0131,SAL04361,2024-02-18,PRD113,ST06,CUS0531,1,1166.49,Performance Issues
RET0132,SAL08863,2022-11-12,PRD088,ST07,CUS0580,1,214.64,Changed Mind
RET0133,SAL03773,2025-06-25,PRD065,ST08,CUS0448,1,381.55,Changed Mind
RET0134,SAL09543,2022-03-25,PRD105,ST07,CUS0440,1,980.57,Wrong Item
RET0135,SAL09567,2023-03-05,PRD037,ST14,CUS0113,1,448.4,Changed Mind
RET0136,SAL08821,2025-08-15,PRD079,ST07,CUS0282,1,400.41,Changed Mind
RET0137,SAL08341,2023-05-13,PRD100,ST04,CUS0013,1,343.75,Performance Issues
RET0138,SAL11222,2024-03-29,PRD062,ST02,CUS0093,1,363.32,Changed Mind
RET0139,SAL10709,2023-10-30,PRD110,ST09,CUS0457,1,1467.27,Damaged
RET0140,SAL00224,2022-07-04,PRD004,ST09,CUS0149,1,696.99,Damaged
RET0141,SAL04532,2022-08-07,PRD064,ST12,CUS0538,1,35.58,Defective
RET0142,SAL05662,2024-10-13,PRD029,ST09,CUS0318,1,703.08,Damaged
RET0143,SAL03097,2025-08-31,PRD079,ST08,CUS0216,2,750.12,Damaged
RET0144,SAL06025,2024-09-25,PRD112,ST14,CUS0534,1,655.72,Performance Issues
RET0145,SAL00644,2024-08-14,PRD026,ST09,CUS0583,1,167.53,Defective
RET0146,SAL05506,2023-07-25,PRD018,ST02,CUS0252,1,383.93,Defective
RET0147,SAL09145,2023-12-18,PRD109,ST16,CUS0062,1,716.87,Defective
RET0148,SAL00305,2022-02-18,PRD084,ST11,CUS0526,1,802.62,Performance Issues
RET0149,SAL07805,2023-06-10,PRD073,ST11,CUS0058,1,605.43,Wrong Item
RET0150,SAL02997,2022-10-13,PRD104,ST05,CUS0133,1,357.89,Performance Issues
RET0151,SAL02190,2025-06-10,PRD094,ST02,CUS0312,1,2272.77,Defective
RET0152,SAL11113,2023-02-22,PRD011,ST05,CUS0093,1,384.71,Wrong Item
RET0153,SAL07809,2022-11-02,PRD053,ST10,CUS0254,1,463.49,Defective
RET0154,SAL11571,2023-07-20,PRD016,ST12,CUS0108,1,229.1,Performance Issues
RET0155,SAL08174,2022-08-08,PRD026,ST04,CUS0069,1,821.07,Performance Issues
RET0156,SAL08445,2022-06-26,PRD106,ST09,CUS0459,2,2546.36,Defective
RET0157,SAL02794,2023-02-12,PRD050,ST03,CUS0046,1,384.76,Performance Issues
RET0158,SAL02135,2023-07-17,PRD018,ST17,CUS0053,1,876.16,Performance Issues
RET0159,SAL11697,2022-03-10,PRD107,ST01,CUS0156,1,256.23,Performance Issues
RET0160,SAL01965,2025-01-25,PRD078,ST01,CUS0145,1,288.31,Defective
RET0161,SAL08509,2024-09-09,PRD005,ST10,CUS0194,1,696.29,Damaged
RET0162,SAL00171,2025-03-28,PRD024,ST15,CUS0544,1,1310.82,Damaged
RET0163,SAL08697,2025-06-07,PRD036,ST15,CUS0173,2,583.38,Changed Mind
RET0164,SAL07871,2024-01-01,PRD061,ST02,CUS0032,1,869.29,Defective
RET0165,SAL03337,2025-09-27,PRD091,ST01,CUS0411,1,256.21,Changed Mind
RET0166,SAL07035,2025-06-06,PRD091,ST02,CUS0016,1,436.13,Damaged
RET0167,SAL09358,2024-01-21,PRD046,ST14,CUS0467,1,406.74,Wrong Item
RET0168,SAL00339,2023-01-23,PRD056,ST16,CUS0221,1,326.21,Damaged
RET0169,SAL08062,2024-08-27,PRD046,ST02,CUS0090,1,290.48,Performance Issues
RET0170,SAL00138,2022-02-12,PRD011,ST10,CUS0423,1,97.59,Changed Mind
RET0171,SAL00563,2025-07-09,PRD062,ST10,CUS0504,1,552.38,Damaged
RET0172,SAL04088,2025-09-09,PRD099,ST17,CUS0272,1,185.12,Defective
RET0173,SAL06120,2024-12-25,PRD069,ST15,CUS0074,4,296.62,Changed Mind
RET0174,SAL07302,2023-01-01,PRD034,ST08,CUS0200,3,592.25,Damaged
RET0175,SAL03407,2024-07-17,PRD042,ST17,CUS0323,1,1082.93,Wrong Item
RET0176,SAL05839,2023-09-06,PRD073,ST16,CUS0350,1,1127.43,Wrong Item
RET0177,SAL04915,2023-02-23,PRD054,ST14,CUS0009,1,563.3,Changed Mind
RET0178,SAL03213,2023-05-11,PRD115,ST09,CUS0159,2,1410.63,Changed Mind
RET0179,SAL10279,2023-03-26,PRD091,ST08,CUS0585,1,277.17,Changed Mind
RET0180,SAL03117,2024-12-09,PRD088,ST12,CUS0514,1,290.72,Wrong Item
RET0181,SAL05763,2025-04-13,PRD059,ST14,CUS0586,1,438.44,Changed Mind
RET0182,SAL11391,2022-10-20,PRD092,ST09,CUS0490,1,566.77,Defective
RET0183,SAL08403,2025-03-22,PRD010,ST10,CUS0190,1,948.27,Damaged
RET0184,SAL07322,2024-01-10,PRD099,ST16,CUS0031,1,127.13,Defective
RET0185,SAL09574,2023-10-03,PRD067,ST15,CUS0429,1,437.65,Wrong Item
RET0186,SAL06677,2025-03-26,PRD119,ST07,CUS0229,1,580.78,Performance Issues
RET0187,SAL03452,2025-08-01,PRD079,ST03,CUS0444,1,190.57,Damaged
RET0188,SAL01621,2023-03-04,PRD045,ST15,CUS0217,1,659.77,Damaged
RET0189,SAL03125,2024-07-13,PRD043,ST09,CUS0275,2,723.27,Damaged
RET0190,SAL11684,2022-04-11,PRD033,ST14,CUS0246,1,293.84,Performance Issues
RET0191,SAL06123,2025-08-27,PRD058,ST13,CUS0163,2,248.63,Defective
RET0192,SAL08694,2023-10-30,PRD027,ST11,CUS0395,1,378.43,Performance Issues
RET0193,SAL10535,2023-11-14,PRD080,ST06,CUS0139,1,509.74,Defective
RET0194,SAL08811,2024-07-31,PRD060,ST13,CUS0118,1,99.69,Defective
RET0195,SAL10472,2023-12-08,PRD060,ST17,CUS0534,1,51.02,Performance Issues
RET0196,SAL11344,2022-10-08,PRD107,ST08,CUS0020,1,305.04,Changed Mind
RET0197,SAL04869,2024-12-18,PRD061,ST07,CUS0358,2,1274.31,Damaged
RET0198,SAL10552,2022-09-25,PRD042,ST01,CUS0256,1,341.73,Wrong Item
RET0199,SAL09536,2024-03-30,PRD085,ST08,CUS0494,1,401.47,Defective
RET0200,SAL04868,2023-10-08,PRD048,ST07,CUS0364,1,345.26,Defective
RET0201,SAL06966,2023-10-03,PRD002,ST15,CUS0173,1,101.03,Defective
RET0202,SAL02485,2025-03-22,PRD084,ST16,CUS0280,1,333.0,Defective
RET0203,SAL11390,2024-01-21,PRD004,ST17,CUS0168,1,426.53,Performance Issues
RET0204,SAL11339,2024-05-26,PRD042,ST07,CUS0428,1,311.76,Defective
RET0205,SAL08263,2025-03-16,PRD011,ST01,CUS0129,1,293.11,Damaged
RET0206,SAL11150,2023-07-30,PRD108,ST17,CUS0557,1,139.75,Damaged
RET0207,SAL07576,2022-09-05,PRD098,ST12,CUS0424,1,331.15,Wrong Item
RET0208,SAL04727,2024-11-09,PRD036,ST16,CUS0269,1,306.03,Changed Mind
RET0209,SAL07712,2022-11-08,PRD008,ST14,CUS0259,1,45.03,Wrong Item
RET0210,SAL02252,2025-08-22,PRD089,ST10,CUS0113,1,214.24,Wrong Item
RET0211,SAL08786,2025-09-07,PRD049,ST02,CUS0013,1,625.31,Defective
RET0212,SAL11477,2025-05-16,PRD014,ST06,CUS0501,1,130.52,Changed Mind
RET0213,SAL06337,2025-05-22,PRD086,ST05,CUS0134,1,1486.05,Performance Issues
RET0214,SAL09981,2023-06-17,PRD083,ST03,CUS0253,1,334.44,Changed Mind
RET0215,SAL10126,2023-12-03,PRD027,ST15,CUS0125,1,1237.64,Performance Issues
RET0216,SAL04767,2023-05-15,PRD067,ST13,CUS0544,1,249.93,Changed Mind
RET0217,SAL11974,2023-12-23,PRD115,ST07,CUS0225,1,495.52,Performance Issues
RET0218,SAL07314,2024-04-03,PRD083,ST10,CUS0218,1,592.18,Performance Issues
RET0219,SAL05614,2023-04-06,PRD032,ST12,CUS0041,1,366.18,Damaged
RET0220,SAL11525,2025-04-08,PRD048,ST13,CUS0425,1,950.59,Defective
RET0221,SAL08368,2022-10-17,PRD049,ST16,CUS0511,1,403.92,Performance Issues
RET0222,SAL01945,2022-07-11,PRD111,ST05,CUS0019,1,440.75,Changed Mind
RET0223,SAL10221,2022-10-30,PRD075,ST02,CUS0192,1,312.1,Defective
RET0224,SAL11765,2024-03-17,PRD063,ST16,CUS0480,1,60.58,Performance Issues
RET0225,SAL09443,2022-11-12,PRD104,ST04,CUS0405,1,445.12,Wrong Item
RET0226,SAL04492,2023-07-07,PRD036,ST12,CUS0184,1,647.63,Performance Issues
RET0227,SAL09606,2024-08-26,PRD116,ST17,CUS0356,1,423.03,Changed Mind
RET0228,SAL09548,2023-05-09,PRD098,ST12,CUS0220,1,673.09,Wrong Item
RET0229,SAL05975,2022-10-18,PRD032,ST11,CUS0201,1,440.4,Changed Mind
RET0230,SAL01997,2022-11-23,PRD104,ST12,CUS0168,1,263.25,Defective
RET0231,SAL10026,2025-06-29,PRD072,ST09,CUS0467,1,291.03,Changed Mind
RET0232,SAL03167,2023-09-08,PRD051,ST17,CUS0514,1,1641.31,Wrong Item
RET0233,SAL01687,2024-06-22,PRD031,ST03,CUS0413,1,641.42,Changed Mind
RET0234,SAL02980,2022-02-09,PRD075,ST03,CUS0018,1,327.09,Wrong Item
RET0235,SAL09238,2023-07-25,PRD058,ST08,CUS0286,1,113.62,Wrong Item
RET0236,SAL04491,2023-07-14,PRD090,ST10,CUS0352,1,398.77,Changed Mind
RET0237,SAL10001,2025-03-31,PRD100,ST03,CUS0148,1,172.44,Wrong Item
RET0238,SAL01991,2022-11-02,PRD008,ST03,CUS0184,2,219.79,Changed Mind
RET0239,SAL10195,2023-09-21,PRD094,ST08,CUS0147,1,772.01,Damaged
RET0240,SAL00923,2024-11-15,PRD058,ST09,CUS0451,1,110.87,Damaged
RET0241,SAL10185,2023-10-18,PRD101,ST15,CUS0129,1,364.93,Defective
RET0242,SAL04901,2023-01-04,PRD054,ST05,CUS0598,1,692.23,Wrong Item
RET0243,SAL08703,2024-09-20,PRD006,ST15,CUS0171,1,880.18,Performance Issues
RET0244,SAL03595,2024-04-20,PRD021,ST07,CUS0387,2,2153.47,Changed Mind
RET0245,SAL07930,2023-10-06,PRD100,ST08,CUS0077,2,538.47,Damaged
RET0246,SAL04540,2024-06-09,PRD031,ST08,CUS0510,2,1142.33,Wrong Item
RET0247,SAL01890,2022-07-27,PRD070,ST17,CUS0135,1,82.09,Performance Issues
RET0248,SAL03275,2022-03-22,PRD059,ST12,CUS0432,1,220.72,Changed Mind
RET0249,SAL00718,2022-11-26,PRD036,ST04,CUS0010,1,333.2,Changed Mind
RET0250,SAL05937,2022-08-23,PRD118,ST02,CUS0453,1,852.32,Defective
RET0251,SAL11097,2022-04-12,PRD077,ST06,CUS0091,1,229.55,Performance Issues
RET0252,SAL11901,2024-09-29,PRD044,ST09,CUS0594,3,1416.82,Wrong Item
RET0253,SAL05918,2023-04-13,PRD015,ST17,CUS0408,1,608.73,Wrong Item
RET0254,SAL02657,2024-09-28,PRD104,ST07,CUS0062,1,819.76,Defective
RET0255,SAL00727,2022-10-21,PRD087,ST09,CUS0513,1,1450.04,Defective
RET0256,SAL02810,2022-12-13,PRD062,ST17,CUS0011,1,611.62,Damaged
RET0257,SAL01900,2024-10-30,PRD063,ST02,CUS0270,2,183.23,Defective
RET0258,SAL00045,2024-10-15,PRD055,ST14,CUS0316,4,420.92,Performance Issues
RET0259,SAL03803,2022-04-18,PRD017,ST01,CUS0536,1,121.37,Damaged
RET0260,SAL01958,2024-03-03,PRD044,ST02,CUS0537,1,413.38,Defective
RET0261,SAL06169,2023-09-07,PRD117,ST04,CUS0155,1,38.63,Wrong Item
RET0262,SAL10246,2022-03-19,PRD114,ST05,CUS0390,1,412.45,Defective
RET0263,SAL00989,2024-02-18,PRD114,ST11,CUS0193,1,362.45,Performance Issues
RET0264,SAL00461,2022-04-28,PRD101,ST13,CUS0289,1,608.64,Wrong Item
RET0265,SAL01384,2022-03-21,PRD012,ST08,CUS0018,1,456.11,Defective
RET0266,SAL10917,2024-11-01,PRD078,ST02,CUS0291,1,336.67,Changed Mind
RET0267,SAL03558,2022-04-23,PRD066,ST15,CUS0095,2,1901.46,Performance Issues
RET0268,SAL11945,2025-02-18,PRD056,ST07,CUS0007,1,883.43,Damaged
RET0269,SAL07703,2025-08-17,PRD031,ST10,CUS0171,1,295.74,Wrong Item
RET0270,SAL08542,2024-04-15,PRD117,ST09,CUS0491,1,61.08,Changed Mind
RET0271,SAL07939,2024-04-19,PRD024,ST02,CUS0074,1,620.35,Wrong Item
RET0272,SAL09139,2024-11-27,PRD025,ST14,CUS0073,1,710.43,Wrong Item
RET0273,SAL03314,2022-10-15,PRD047,ST09,CUS0209,1,125.59,Damaged
RET0274,SAL08059,2023-11-21,PRD018,ST10,CUS0327,1,431.37,Wrong Item
RET0275,SAL03874,2022-07-11,PRD089,ST08,CUS0358,1,79.96,Wrong Item
RET0276,SAL10230,2023-05-19,PRD056,ST17,CUS0188,1,366.87,Defective
RET0277,SAL02159,2024-09-18,PRD108,ST13,CUS0359,1,112.93,Defective
RET0278,SAL03003,2023-11-11,PRD046,ST10,CUS0426,1,347.02,Damaged
RET0279,SAL01319,2024-05-14,PRD008,ST14,CUS0179,1,43.56,Performance Issues
RET0280,SAL04980,2024-04-01,PRD002,ST06,CUS0301,1,114.8,Wrong Item
RET0281,SAL09013,2024-11-06,PRD064,ST04,CUS0072,1,53.09,Performance Issues
RET0282,SAL02338,2024-05-13,PRD054,ST04,CUS0262,1,393.76,Defective
RET0283,SAL10479,2022-02-01,PRD017,ST15,CUS0161,1,117.22,Defective
RET0284,SAL09961,2024-01-20,PRD113,ST04,CUS0239,1,348.51,Defective
RET0285,SAL08813,2023-01-22,PRD047,ST02,CUS0329,2,434.36,Damaged
RET0286,SAL03017,2024-06-12,PRD044,ST04,CUS0574,1,308.71,Damaged
RET0287,SAL03131,2022-06-02,PRD103,ST05,CUS0062,1,480.93,Performance Issues
RET0288,SAL03844,2024-03-17,PRD059,ST15,CUS0295,1,515.62,Performance Issues
RET0289,SAL10763,2024-01-14,PRD024,ST11,CUS0381,2,1787.08,Performance Issues
RET0290,SAL09646,2023-04-23,PRD018,ST12,CUS0298,1,300.99,Changed Mind
RET0291,SAL04517,2024-05-04,PRD101,ST09,CUS0218,1,288.65,Wrong Item
RET0292,SAL06092,2025-07-06,PRD096,ST13,CUS0252,1,1268.13,Performance Issues
RET0293,SAL11643,2022-02-16,PRD055,ST16,CUS0445,1,65.47,Defective
RET0294,SAL05699,2025-08-01,PRD082,ST02,CUS0206,1,315.72,Damaged
RET0295,SAL09891,2024-11-25,PRD066,ST01,CUS0585,2,1775.63,Changed Mind
RET0296,SAL07951,2024-03-20,PRD082,ST05,CUS0400,1,901.98,Wrong Item
RET0297,SAL09650,2025-06-12,PRD097,ST08,CUS0595,1,282.47,Performance Issues
RET0298,SAL05113,2025-03-30,PRD079,ST07,CUS0464,1,318.58,Performance Issues
RET0299,SAL10889,2025-07-16,PRD095,ST13,CUS0274,1,609.78,Changed Mind
RET0300,SAL07801,2022-12-29,PRD054,ST16,CUS0197,1,400.53,Changed Mind
RET0301,SAL09955,2023-05-31,PRD057,ST02,CUS0554,2,1895.99,Changed Mind
RET0302,SAL02812,2023-10-14,PRD064,ST05,CUS0244,1,59.32,Changed Mind
RET0303,SAL04601,2023-07-12,PRD081,ST11,CUS0252,1,286.91,Changed Mind
RET0304,SAL05372,2025-04-13,PRD110,ST10,CUS0232,1,990.09,Performance Issues
RET0305,SAL09029,2024-11-24,PRD112,ST04,CUS0179,1,1846.27,Performance Issues
RET0306,SAL08913,2022-07-21,PRD068,ST12,CUS0150,2,508.57,Defective
RET0307,SAL05591,2023-03-24,PRD075,ST07,CUS0353,5,2022.98,Changed Mind
RET0308,SAL06341,2024-10-26,PRD019,ST02,CUS0244,1,270.91,Defective
RET0309,SAL10716,2025-05-27,PRD023,ST05,CUS0479,1,65.45,Damaged
RET0310,SAL10616,2022-03-16,PRD087,ST05,CUS0345,2,2426.24,Defective
RET0311,SAL02655,2023-01-02,PRD100,ST03,CUS0360,1,210.4,Performance Issues
RET0312,SAL05528,2024-03-06,PRD097,ST11,CUS0338,1,479.75,Defective
RET0313,SAL07156,2022-02-14,PRD054,ST06,CUS0194,2,1061.06,Damaged
RET0314,SAL07840,2022-07-18,PRD047,ST06,CUS0407,1,349.13,Damaged
RET0315,SAL09507,2025-08-20,PRD035,ST01,CUS0269,1,367.16,Defective
RET0316,SAL08878,2023-05-20,PRD076,ST11,CUS0109,1,523.66,Defective
RET0317,SAL03808,2022-11-02,PRD082,ST17,CUS0174,1,548.99,Performance Issues
RET0318,SAL10490,2024-02-11,PRD026,ST16,CUS0074,1,268.56,Damaged
RET0319,SAL06300,2025-06-18,PRD078,ST16,CUS0181,1,262.79,Damaged
RET0320,SAL09385,2024-05-18,PRD091,ST02,CUS0591,1,220.77,Changed Mind
RET0321,SAL11052,2025-08-27,PRD017,ST13,CUS0241,1,139.07,Wrong Item
RET0322,SAL08052,2025-08-24,PRD071,ST01,CUS0146,1,864.69,Changed Mind
RET0323,SAL01487,2022-02-16,PRD009,ST03,CUS0258,1,1711.85,Changed Mind
RET0324,SAL11412,2022-03-03,PRD041,ST07,CUS0031,1,617.75,Performance Issues
RET0325,SAL00592,2025-03-07,PRD106,ST11,CUS0544,5,2805.17,Performance Issues
RET0326,SAL03837,2024-06-28,PRD040,ST14,CUS0504,1,243.51,Wrong Item
RET0327,SAL08384,2024-03-20,PRD100,ST16,CUS0036,1,173.27,Defective
RET0328,SAL03480,2024-05-28,PRD104,ST16,CUS0593,1,390.89,Defective
RET0329,SAL09922,2023-03-27,PRD038,ST03,CUS0216,1,347.66,Damaged
RET0330,SAL11105,2024-08-28,PRD108,ST02,CUS0011,2,635.21,Defective
RET0331,SAL07982,2024-01-24,PRD113,ST11,CUS0103,2,1732.34,Wrong Item
RET0332,SAL03119,2024-01-07,PRD038,ST12,CUS0126,1,398.63,Damaged
RET0333,SAL05865,2022-08-11,PRD072,ST03,CUS0336,1,324.13,Defective
RET0334,SAL09917,2022-01-17,PRD036,ST09,CUS0082,1,269.42,Performance Issues
RET0335,SAL09960,2024-05-26,PRD114,ST16,CUS0113,1,1296.37,Defective
RET0336,SAL11315,2022-09-01,PRD015,ST07,CUS0317,1,366.77,Damaged
RET0337,SAL05210,2025-02-10,PRD088,ST06,CUS0531,1,301.21,Performance Issues
RET0338,SAL10355,2023-04-26,PRD106,ST12,CUS0058,1,508.76,Damaged
RET0339,SAL02897,2023-06-15,PRD045,ST15,CUS0360,1,897.94,Defective
RET0340,SAL04304,2025-04-01,PRD066,ST11,CUS0234,2,1468.83,Changed Mind
RET0341,SAL01842,2022-09-15,PRD019,ST04,CUS0017,1,1140.86,Damaged
RET0342,SAL09219,2023-11-06,PRD083,ST03,CUS0179,1,1416.65,Changed Mind
RET0343,SAL01422,2025-01-08,PRD035,ST16,CUS0209,1,1359.08,Performance Issues
RET0344,SAL01734,2023-06-05,PRD017,ST01,CUS0498,1,189.49,Wrong Item
RET0345,SAL01574,2022-02-01,PRD094,ST16,CUS0525,1,1053.51,Performance Issues
RET0346,SAL08975,2022-03-12,PRD102,ST06,CUS0442,1,58.66,Wrong Item
RET0347,SAL02487,2022-12-22,PRD049,ST08,CUS0345,2,744.46,Changed Mind
RET0348,SAL10676,2023-03-08,PRD118,ST01,CUS0394,1,943.28,Wrong Item
RET0349,SAL07280,2022-02-10,PRD068,ST14,CUS0476,1,110.61,Damaged
RET0350,SAL06047,2024-09-05,PRD084,ST14,CUS0542,2,2174.83,Performance Issues
RET0351,SAL02330,2023-11-23,PRD118,ST01,CUS0306,2,1757.01,Defective
RET0352,SAL08343,2025-08-18,PRD019,ST11,CUS0324,1,437.36,Wrong Item
RET0353,SAL10814,2024-10-27,PRD104,ST15,CUS0326,2,1595.7,Changed Mind
RET0354,SAL03778,2024-12-10,PRD053,ST06,CUS0477,1,224.38,Damaged
RET0355,SAL07194,2023-10-16,PRD060,ST16,CUS0222,1,99.63,Defective
RET0356,SAL11865,2022-03-18,PRD047,ST09,CUS0149,1,208.74,Damaged
RET0357,SAL00064,2024-09-12,PRD074,ST02,CUS0023,1,149.86,Performance Issues
RET0358,SAL10418,2025-02-18,PRD047,ST09,CUS0342,1,415.74,Performance Issues
RET0359,SAL07921,2025-08-02,PRD035,ST17,CUS0038,1,511.34,Wrong Item
RET0360,SAL11169,2022-06-21,PRD057,ST11,CUS0003,1,898.53,Performance Issues
RET0361,SAL01262,2024-10-06,PRD049,ST04,CUS0533,1,501.8,Changed Mind
RET0362,SAL11319,2025-03-17,PRD097,ST07,CUS0528,1,365.69,Damaged
RET0363,SAL06135,2022-11-16,PRD094,ST17,CUS0104,1,1621.19,Wrong Item
RET0364,SAL11047,2022-01-24,PRD048,ST11,CUS0204,1,440.87,Damaged
RET0365,SAL07937,2022-01-07,PRD101,ST16,CUS0479,1,308.13,Changed Mind
RET0366,SAL03085,2024-05-23,PRD085,ST11,CUS0139,1,609.32,Performance Issues
RET0367,SAL07361,2022-05-06,PRD013,ST02,CUS0028,3,842.05,Damaged
RET0368,SAL06689,2022-02-01,PRD057,ST10,CUS0494,1,421.38,Defective
RET0369,SAL02292,2022-01-26,PRD020,ST07,CUS0064,1,172.8,Defective
RET0370,SAL10062,2023-09-10,PRD019,ST03,CUS0396,2,1306.43,Wrong Item
RET0371,SAL08111,2024-03-01,PRD021,ST13,CUS0312,1,896.84,Changed Mind
RET0372,SAL03625,2024-01-15,PRD081,ST09,CUS0124,1,425.01,Performance Issues
RET0373,SAL06827,2023-09-23,PRD101,ST14,CUS0569,1,483.06,Damaged
RET0374,SAL04824,2023-06-07,PRD038,ST14,CUS0391,1,464.47,Defective
RET0375,SAL04313,2023-11-07,PRD032,ST05,CUS0599,1,278.55,Defective
RET0376,SAL10816,2022-04-10,PRD086,ST16,CUS0059,1,423.96,Wrong Item
RET0377,SAL08537,2024-06-05,PRD114,ST13,CUS0590,1,367.41,Changed Mind
RET0378,SAL01977,2024-10-27,PRD065,ST13,CUS0078,1,469.46,Performance Issues
RET0379,SAL03124,2022-05-26,PRD093,ST07,CUS0225,1,501.75,Performance Issues
RET0380,SAL06519,2022-09-03,PRD014,ST10,CUS0187,1,232.72,Changed Mind
RET0381,SAL11229,2025-02-22,PRD015,ST04,CUS0076,1,355.99,Defective
RET0382,SAL01713,2025-08-16,PRD021,ST05,CUS0379,1,1042.09,Performance Issues
RET0383,SAL00959,2023-01-13,PRD012,ST02,CUS0086,1,436.73,Performance Issues
RET0384,SAL09187,2022-11-03,PRD070,ST13,CUS0414,1,28.48,Changed Mind
RET0385,SAL00344,2023-12-12,PRD004,ST07,CUS0460,1,1394.67,Damaged
RET0386,SAL08037,2025-09-24,PRD022,ST09,CUS0348,1,902.93,Damaged
RET0387,SAL10340,2025-08-28,PRD089,ST03,CUS0155,1,469.97,Wrong Item
RET0388,SAL09475,2022-05-25,PRD015,ST13,CUS0180,2,839.45,Performance Issues
RET0389,SAL08146,2022-02-20,PRD070,ST08,CUS0486,1,91.77,Damaged
RET0390,SAL00071,2024-06-02,PRD011,ST07,CUS0134,3,442.1,Damaged
RET0391,SAL07152,2022-09-04,PRD031,ST17,CUS0491,1,491.1,Performance Issues
RET0392,SAL00285,2024-12-03,PRD114,ST12,CUS0469,1,560.68,Changed Mind
RET0393,SAL04783,2024-11-29,PRD104,ST11,CUS0573,1,475.99,Damaged
RET0394,SAL07859,2023-05-25,PRD114,ST02,CUS0165,1,407.92,Wrong Item
RET0395,SAL08957,2023-06-25,PRD047,ST16,CUS0163,1,155.1,Performance Issues
RET0396,SAL05163,2025-02-01,PRD050,ST14,CUS0058,3,2541.32,Wrong Item
RET0397,SAL10073,2023-07-02,PRD033,ST07,CUS0343,1,302.75,Performance Issues
RET0398,SAL09676,2025-04-21,PRD010,ST15,CUS0389,1,324.96,Defective
RET0399,SAL06622,2023-03-06,PRD047,ST14,CUS0333,1,497.86,Wrong Item
RET0400,SAL07896,2022-03-04,PRD082,ST14,CUS0352,1,306.81,Performance Issues
RET0401,SAL11333,2024-06-16,PRD025,ST15,CUS0558,3,1311.04,Changed Mind
RET0402,SAL09632,2024-10-15,PRD059,ST03,CUS0291,2,473.82,Performance Issues
RET0403,SAL02887,2024-01-03,PRD041,ST12,CUS0327,1,489.27,Damaged
RET0404,SAL11611,2023-03-03,PRD090,ST06,CUS0376,1,1145.45,Performance Issues
RET0405,SAL11460,2022-05-07,PRD037,ST06,CUS0169,1,1593.12,Wrong Item
RET0406,SAL05927,2023-05-12,PRD094,ST07,CUS0010,2,2330.17,Wrong Item
RET0407,SAL11537,2025-05-23,PRD012,ST01,CUS0406,1,346.89,Wrong Item
RET0408,SAL09895,2023-01-04,PRD042,ST03,CUS0482,1,319.5,Changed Mind
RET0409,SAL00738,2024-06-18,PRD088,ST10,CUS0242,2,993.14,Changed Mind
RET0410,SAL01549,2022-12-01,PRD016,ST07,CUS0033,1,258.5,Changed Mind
RET0411,SAL00051,2023-09-23,PRD034,ST14,CUS0507,1,125.17,Defective
RET0412,SAL02072,2024-06-14,PRD025,ST10,CUS0434,1,590.63,Damaged
RET0413,SAL10666,2025-02-12,PRD114,ST02,CUS0537,1,321.99,Damaged
RET0414,SAL01500,2022-04-22,PRD001,ST15,CUS0461,1,445.69,Changed Mind
RET0415,SAL07027,2023-10-09,PRD052,ST07,CUS0566,1,422.22,Defective
RET0416,SAL04393,2023-08-24,PRD016,ST15,CUS0032,1,711.52,Performance Issues
RET0417,SAL08489,2025-06-12,PRD075,ST06,CUS0335,1,449.56,Performance Issues
RET0418,SAL06937,2024-02-04,PRD021,ST03,CUS0574,1,1531.25,Defective
RET0419,SAL08418,2025-06-23,PRD032,ST01,CUS0448,1,440.84,Wrong Item
RET0420,SAL00920,2022-04-13,PRD034,ST02,CUS0518,1,82.05,Defective
RET0421,SAL03523,2025-07-26,PRD022,ST13,CUS0243,2,950.75,Defective
RET0422,SAL03983,2022-07-27,PRD076,ST05,CUS0349,1,769.78,Performance Issues
RET0423,SAL07916,2025-09-06,PRD027,ST07,CUS0301,1,622.81,Damaged
RET0424,SAL02519,2025-07-04,PRD101,ST15,CUS0471,1,622.07,Changed Mind
RET0425,SAL10909,2024-02-04,PRD019,ST17,CUS0557,1,715.9,Defective
RET0426,SAL06958,2025-01-30,PRD063,ST11,CUS0211,2,132.95,Defective
RET0427,SAL08654,2024-06-30,PRD084,ST01,CUS0553,1,833.68,Changed Mind
RET0428,SAL04415,2023-05-30,PRD083,ST16,CUS0206,5,3225.84,Changed Mind
RET0429,SAL03369,2023-09-19,PRD022,ST07,CUS0549,1,368.28,Defective
RET0430,SAL00692,2023-05-08,PRD110,ST14,CUS0332,1,658.03,Changed Mind
RET0431,SAL05719,2025-03-15,PRD063,ST14,CUS0318,1,47.91,Performance Issues
RET0432,SAL11459,2025-03-04,PRD094,ST12,CUS0409,1,951.96,Performance Issues
RET0433,SAL09857,2024-07-27,PRD106,ST08,CUS0105,1,373.9,Damaged
RET0434,SAL00378,2025-05-10,PRD114,ST15,CUS0593,1,1201.11,Performance Issues
RET0435,SAL09393,2022-12-11,PRD005,ST16,CUS0224,1,508.35,Wrong Item
RET0436,SAL01847,2022-05-06,PRD047,ST02,CUS0281,1,482.64,Damaged
RET0437,SAL06597,2024-06-03,PRD018,ST12,CUS0463,1,374.42,Wrong Item
RET0438,SAL02545,2023-08-02,PRD037,ST04,CUS0434,1,606.22,Damaged
RET0439,SAL05707,2025-02-18,PRD083,ST06,CUS0237,1,485.71,Wrong Item
RET0440,SAL05642,2023-01-26,PRD040,ST03,CUS0164,1,70.8,Wrong Item
RET0441,SAL04153,2023-11-17,PRD081,ST05,CUS0425,1,95.16,Performance Issues
RET0442,SAL03559,2023-01-01,PRD109,ST16,CUS0209,1,719.81,Wrong Item
RET0443,SAL00106,2022-06-14,PRD075,ST06,CUS0246,1,552.68,Wrong Item
RET0444,SAL07893,2024-06-03,PRD082,ST12,CUS0540,1,476.6,Damaged
RET0445,SAL03292,2025-06-02,PRD092,ST16,CUS0395,1,371.73,Changed Mind
RET0446,SAL02003,2025-01-05,PRD012,ST17,CUS0212,1,1366.91,Damaged
RET0447,SAL11341,2024-01-12,PRD049,ST14,CUS0598,1,457.98,Damaged
RET0448,SAL01218,2025-07-07,PRD111,ST12,CUS0247,1,1258.22,Damaged
RET0449,SAL01179,2023-08-18,PRD032,ST03,CUS0242,1,802.88,Damaged
RET0450,SAL00554,2023-08-31,PRD021,ST05,CUS0391,1,653.51,Changed Mind
RET0451,SAL08643,2025-03-25,PRD035,ST05,CUS0365,1,2084.84,Changed Mind
RET0452,SAL04612,2025-07-04,PRD030,ST06,CUS0310,1,26.73,Defective
RET0453,SAL11964,2023-10-21,PRD002,ST11,CUS0030,1,142.63,Defective
RET0454,SAL06921,2023-03-31,PRD119,ST01,CUS0517,3,1731.57,Defective
RET0455,SAL11275,2022-03-01,PRD011,ST16,CUS0261,1,70.97,Performance Issues
RET0456,SAL07234,2023-03-14,PRD004,ST05,CUS0175,1,417.73,Defective
RET0457,SAL05671,2022-07-06,PRD015,ST09,CUS0330,1,935.55,Changed Mind
RET0458,SAL03226,2023-08-10,PRD006,ST02,CUS0573,1,420.88,Changed Mind
RET0459,SAL07701,2023-02-11,PRD019,ST01,CUS0529,1,509.29,Wrong Item
RET0460,SAL07026,2024-05-25,PRD092,ST15,CUS0011,4,1716.0,Wrong Item
RET0461,SAL11062,2022-02-09,PRD107,ST09,CUS0108,1,365.11,Wrong Item
RET0462,SAL02996,2025-05-06,PRD092,ST04,CUS0397,1,672.53,Wrong Item
RET0463,SAL01902,2022-04-26,PRD102,ST14,CUS0402,1,113.43,Changed Mind
RET0464,SAL09888,2024-01-03,PRD012,ST16,CUS0539,1,315.96,Damaged
RET0465,SAL08967,2023-07-03,PRD070,ST06,CUS0017,1,58.13,Defective
RET0466,SAL03888,2025-02-05,PRD006,ST13,CUS0449,1,393.62,Changed Mind
RET0467,SAL00945,2023-12-28,PRD005,ST05,CUS0379,1,816.14,Wrong Item
RET0468,SAL00023,2023-06-30,PRD085,ST13,CUS0283,2,1713.88,Performance Issues
RET0469,SAL09692,2023-05-25,PRD032,ST07,CUS0378,1,469.11,Wrong Item
RET0470,SAL08296,2025-06-19,PRD080,ST01,CUS0544,1,368.81,Changed Mind
RET0471,SAL01420,2024-01-27,PRD083,ST04,CUS0016,1,425.0,Performance Issues
RET0472,SAL05739,2024-06-08,PRD104,ST14,CUS0593,1,305.8,Performance Issues
RET0473,SAL04908,2023-10-14,PRD103,ST02,CUS0104,1,123.94,Performance Issues
RET0474,SAL09897,2022-10-09,PRD035,ST14,CUS0513,1,497.68,Changed Mind
RET0475,SAL00255,2022-06-19,PRD041,ST17,CUS0130,1,597.7,Damaged
RET0476,SAL02152,2022-08-04,PRD060,ST15,CUS0110,1,38.31,Defective
RET0477,SAL09827,2022-10-07,PRD064,ST01,CUS0551,1,87.56,Damaged
RET0478,SAL08708,2025-05-26,PRD086,ST03,CUS0079,1,525.97,Defective
RET0479,SAL02774,2023-07-23,PRD014,ST06,CUS0457,1,330.51,Damaged
RET0480,SAL11361,2025-05-06,PRD090,ST04,CUS0479,1,304.17,Wrong Item
RET0481,SAL09303,2024-08-06,PRD011,ST11,CUS0222,1,107.67,Performance Issues
RET0482,SAL08879,2023-06-08,PRD029,ST02,CUS0252,1,154.31,Wrong Item
RET0483,SAL10371,2025-02-21,PRD018,ST05,CUS0212,1,740.44,Damaged
RET0484,SAL06828,2022-08-13,PRD039,ST14,CUS0008,1,376.03,Wrong Item
RET0485,SAL03454,2022-06-08,PRD071,ST06,CUS0581,1,398.97,Wrong Item
RET0486,SAL11832,2022-07-15,PRD073,ST02,CUS0500,1,539.25,Damaged
RET0487,SAL08058,2025-01-26,PRD108,ST06,CUS0237,1,218.19,Damaged
RET0488,SAL11686,2024-10-19,PRD079,ST14,CUS0097,1,767.36,Changed Mind
RET0489,SAL08781,2022-11-04,PRD005,ST08,CUS0430,1,324.77,Damaged
RET0490,SAL09611,2023-02-01,PRD019,ST10,CUS0284,3,1378.42,Performance Issues
RET0491,SAL00060,2022-02-18,PRD004,ST01,CUS0589,2,1610.84,Defective
RET0492,SAL08755,2024-02-13,PRD006,ST07,CUS0039,1,422.95,Wrong Item
RET0493,SAL11532,2022-12-31,PRD032,ST16,CUS0571,1,352.81,Defective
RET0494,SAL10513,2023-09-28,PRD017,ST03,CUS0051,1,384.33,Wrong Item
RET0495,SAL11010,2023-06-02,PRD044,ST08,CUS0351,1,545.38,Damaged
RET0496,SAL07330,2023-05-25,PRD055,ST13,CUS0130,2,152.44,Performance Issues
RET0497,SAL04694,2023-02-19,PRD082,ST05,CUS0270,2,1444.88,Wrong Item
RET0498,SAL01761,2022-09-20,PRD039,ST10,CUS0503,1,539.12,Defective
RET0499,SAL01506,2022-08-04,PRD082,ST05,CUS0569,1,321.81,Wrong Item
RET0500,SAL03204,2022-09-26,PRD038,ST06,CUS0097,4,2810.11,Defective
RET0501,SAL05504,2024-06-30,PRD040,ST10,CUS0436,1,121.21,Performance Issues
RET0502,SAL08939,2023-10-13,PRD034,ST10,CUS0456,1,204.37,Performance Issues
RET0503,SAL11194,2025-04-26,PRD105,ST09,CUS0397,3,1467.16,Performance Issues
RET0504,SAL00632,2023-02-14,PRD104,ST01,CUS0056,1,449.18,Defective
RET0505,SAL09402,2023-12-09,PRD100,ST15,CUS0473,1,153.27,Defective
RET0506,SAL09018,2023-02-08,PRD098,ST05,CUS0163,1,238.08,Defective
RET0507,SAL04875,2022-12-17,PRD049,ST06,CUS0382,1,206.79,Performance Issues
RET0508,SAL04014,2024-04-01,PRD113,ST13,CUS0558,1,483.62,Wrong Item
RET0509,SAL05581,2022-05-11,PRD005,ST12,CUS0161,3,2159.01,Performance Issues
RET0510,SAL05458,2024-03-02,PRD014,ST09,CUS0034,3,353.62,Wrong Item
RET0511,SAL11919,2023-08-14,PRD070,ST10,CUS0186,2,110.99,Defective
RET0512,SAL11679,2024-09-19,PRD057,ST03,CUS0543,1,814.52,Wrong Item
RET0513,SAL02698,2022-11-04,PRD011,ST04,CUS0076,1,240.98,Defective
RET0514,SAL04458,2025-07-27,PRD081,ST03,CUS0237,1,145.47,Performance Issues
RET0515,SAL02278,2023-07-24,PRD014,ST14,CUS0231,1,123.33,Defective
RET0516,SAL04277,2023-09-23,PRD099,ST15,CUS0358,1,503.7,Defective
RET0517,SAL07185,2025-09-27,PRD052,ST01,CUS0085,1,512.52,Performance Issues
RET0518,SAL02077,2022-10-03,PRD029,ST02,CUS0464,1,141.18,Performance Issues
RET0519,SAL06935,2024-08-12,PRD089,ST09,CUS0194,1,455.63,Damaged
RET0520,SAL05283,2024-04-08,PRD093,ST09,CUS0338,1,664.19,Changed Mind
RET0521,SAL11445,2024-03-16,PRD070,ST01,CUS0115,1,33.28,Performance Issues
RET0522,SAL08683,2023-01-09,PRD038,ST14,CUS0587,1,550.83,Damaged
RET0523,SAL07285,2024-08-15,PRD069,ST07,CUS0367,1,71.22,Defective
RET0524,SAL04365,2022-11-30,PRD032,ST02,CUS0256,1,398.19,Changed Mind
RET0525,SAL06071,2022-04-10,PRD114,ST09,CUS0225,1,484.55,Damaged
RET0526,SAL02141,2024-05-06,PRD047,ST17,CUS0065,1,252.85,Performance Issues
RET0527,SAL09297,2024-03-15,PRD008,ST11,CUS0509,1,67.03,Damaged
RET0528,SAL11176,2022-06-13,PRD118,ST03,CUS0206,1,503.69,Wrong Item
RET0529,SAL10488,2025-03-24,PRD061,ST17,CUS0259,1,874.44,Defective
RET0530,SAL02614,2025-01-11,PRD003,ST14,CUS0412,1,186.11,Performance Issues
RET0531,SAL10048,2024-07-07,PRD090,ST05,CUS0588,1,663.35,Wrong Item
RET0532,SAL06184,2025-04-11,PRD087,ST03,CUS0289,1,659.2,Performance Issues
RET0533,SAL01529,2025-07-11,PRD112,ST04,CUS0257,1,1351.95,Performance Issues
RET0534,SAL09563,2023-04-11,PRD086,ST05,CUS0013,1,1613.62,Damaged
RET0535,SAL00529,2024-01-20,PRD093,ST03,CUS0383,1,237.85,Performance Issues
RET0536,SAL08569,2022-05-31,PRD084,ST14,CUS0352,1,360.39,Defective
RET0537,SAL11256,2022-12-30,PRD054,ST14,CUS0056,4,1307.95,Performance Issues
RET0538,SAL02403,2023-09-20,PRD083,ST04,CUS0119,1,320.21,Defective
RET0539,SAL06466,2025-09-15,PRD032,ST10,CUS0311,1,749.09,Wrong Item
RET0540,SAL08611,2024-10-04,PRD030,ST01,CUS0332,1,136.49,Performance Issues
RET0541,SAL11814,2023-03-24,PRD046,ST06,CUS0263,1,454.93,Defective
RET0542,SAL00272,2022-01-18,PRD105,ST12,CUS0231,1,478.29,Damaged
RET0543,SAL04578,2025-09-19,PRD012,ST17,CUS0470,1,258.99,Changed Mind
RET0544,SAL06904,2023-08-09,PRD110,ST01,CUS0461,1,384.71,Defective
RET0545,SAL09240,2022-04-30,PRD061,ST02,CUS0090,1,394.06,Wrong Item
RET0546,SAL09038,2023-09-12,PRD057,ST02,CUS0124,1,836.28,Wrong Item
RET0547,SAL00026,2025-07-03,PRD054,ST14,CUS0212,1,460.34,Wrong Item
RET0548,SAL05545,2023-06-03,PRD039,ST16,CUS0440,4,1195.23,Performance Issues
RET0549,SAL00111,2025-06-17,PRD012,ST08,CUS0443,1,891.05,Wrong Item
RET0550,SAL01511,2024-07-01,PRD098,ST13,CUS0280,1,314.13,Damaged
RET0551,SAL05772,2023-05-24,PRD089,ST04,CUS0495,1,96.9,Performance Issues
RET0552,SAL08925,2023-11-01,PRD068,ST06,CUS0559,1,329.61,Changed Mind
RET0553,SAL11474,2022-09-03,PRD050,ST01,CUS0327,1,573.47,Defective
RET0554,SAL04504,2023-11-24,PRD093,ST10,CUS0117,2,1387.99,Defective
RET0555,SAL08669,2024-06-07,PRD021,ST12,CUS0399,1,822.36,Changed Mind
RET0556,SAL08551,2023-01-03,PRD095,ST16,CUS0472,1,223.81,Damaged
RET0557,SAL04371,2023-03-23,PRD055,ST11,CUS0283,2,341.35,Defective
RET0558,SAL00800,2022-04-06,PRD114,ST12,CUS0476,1,994.79,Changed Mind
RET0559,SAL06409,2024-10-16,PRD029,ST15,CUS0067,1,289.04,Wrong Item
RET0560,SAL07956,2025-01-03,PRD051,ST01,CUS0572,1,621.97,Defective
RET0561,SAL09649,2023-10-05,PRD099,ST06,CUS0096,1,228.08,Changed Mind
RET0562,SAL09308,2022-08-13,PRD065,ST11,CUS0086,1,459.27,Wrong Item
RET0563,SAL11706,2023-05-05,PRD046,ST05,CUS0188,1,321.96,Changed Mind
RET0564,SAL07018,2025-04-03,PRD046,ST12,CUS0119,1,342.07,Damaged
RET0565,SAL03550,2025-04-02,PRD053,ST09,CUS0226,1,174.53,Wrong Item
RET0566,SAL01318,2022-11-21,PRD058,ST11,CUS0554,1,103.78,Damaged
RET0567,SAL06952,2025-01-06,PRD024,ST05,CUS0110,1,1112.12,Wrong Item
RET0568,SAL09146,2024-10-08,PRD067,ST05,CUS0281,1,1233.77,Wrong Item
RET0569,SAL08619,2024-04-17,PRD100,ST02,CUS0081,1,159.19,Damaged
RET0570,SAL10146,2023-02-05,PRD085,ST16,CUS0534,1,981.44,Wrong Item
RET0571,SAL02220,2025-06-26,PRD007,ST14,CUS0531,1,702.04,Damaged
RET0572,SAL08567,2023-09-29,PRD001,ST08,CUS0201,1,1694.79,Wrong Item
RET0573,SAL07245,2023-04-30,PRD042,ST15,CUS0397,1,350.61,Changed Mind
RET0574,SAL09689,2023-09-03,PRD075,ST03,CUS0568,1,358.64,Defective
RET0575,SAL08087,2023-03-15,PRD053,ST09,CUS0001,1,637.47,Wrong Item
RET0576,SAL05316,2024-10-21,PRD090,ST08,CUS0291,1,483.01,Wrong Item
RET0577,SAL03995,2024-03-02,PRD105,ST05,CUS0535,1,333.52,Wrong Item
RET0578,SAL01071,2022-05-10,PRD036,ST14,CUS0135,1,257.71,Defective
RET0579,SAL05498,2022-10-25,PRD091,ST14,CUS0108,1,431.96,Wrong Item
RET0580,SAL07486,2023-12-06,PRD039,ST06,CUS0258,1,255.96,Damaged
RET0581,SAL02954,2022-03-16,PRD093,ST08,CUS0495,1,207.37,Changed Mind
RET0582,SAL06611,2025-01-23,PRD101,ST02,CUS0367,1,236.77,Wrong Item
RET0583,SAL10626,2024-01-03,PRD082,ST14,CUS0223,2,1054.31,Performance Issues
RET0584,SAL11958,2022-02-19,PRD001,ST10,CUS0223,1,395.52,Changed Mind
RET0585,SAL10478,2025-07-20,PRD100,ST11,CUS0539,1,280.53,Changed Mind
RET0586,SAL07368,2023-12-15,PRD061,ST10,CUS0555,1,449.73,Wrong Item
RET0587,SAL02165,2022-12-21,PRD101,ST11,CUS0045,1,200.31,Changed Mind
RET0588,SAL01393,2022-05-11,PRD048,ST07,CUS0496,1,415.95,Performance Issues
RET0589,SAL00037,2025-04-09,PRD062,ST03,CUS0297,1,456.67,Performance Issues
RET0590,SAL08806,2024-06-01,PRD036,ST10,CUS0330,1,341.55,Wrong Item
RET0591,SAL00561,2022-10-25,PRD040,ST12,CUS0530,1,81.26,Damaged
RET0592,SAL04331,2024-01-28,PRD074,ST15,CUS0401,1,60.51,Performance Issues
RET0593,SAL00249,2022-03-23,PRD003,ST05,CUS0197,1,376.94,Damaged
RET0594,SAL05444,2023-10-18,PRD080,ST07,CUS0178,1,1115.23,Defective
RET0595,SAL11046,2022-07-04,PRD020,ST11,CUS0136,2,226.6,Damaged
RET0596,SAL04148,2025-01-06,PRD043,ST13,CUS0134,3,722.19,Wrong Item
RET0597,SAL04084,2023-05-02,PRD046,ST17,CUS0569,1,289.99,Changed Mind
RET0598,SAL09382,2024-02-16,PRD041,ST15,CUS0576,1,736.0,Wrong Item
RET0599,SAL00799,2022-10-18,PRD017,ST10,CUS0222,1,93.47,Changed Mind
RET0600,SAL07466,2022-07-22,PRD002,ST05,CUS0395,1,161.67,Defective
RET0601,SAL00601,2022-04-24,PRD104,ST13,CUS0523,1,371.69,Damaged
RET0602,SAL03158,2022-01-17,PRD019,ST14,CUS0291,1,313.97,Performance Issues
RET0603,SAL03922,2023-08-03,PRD058,ST09,CUS0545,1,185.04,Performance Issues
RET0604,SAL10264,2023-05-06,PRD030,ST01,CUS0267,1,17.42,Damaged
RET0605,SAL06996,2025-07-06,PRD094,ST14,CUS0094,1,741.75,Changed Mind
RET0606,SAL09673,2023-08-19,PRD021,ST07,CUS0296,1,698.11,Damaged
RET0607,SAL11844,2022-05-29,PRD110,ST06,CUS0416,1,361.87,Wrong Item
RET0608,SAL09279,2024-03-12,PRD092,ST17,CUS0337,1,971.57,Damaged
RET0609,SAL08031,2023-09-06,PRD091,ST02,CUS0437,1,515.07,Defective
RET0610,SAL01133,2023-04-20,PRD053,ST10,CUS0179,1,317.72,Wrong Item
RET0611,SAL05209,2025-04-06,PRD015,ST11,CUS0422,1,266.6,Defective
RET0612,SAL04758,2022-06-14,PRD108,ST03,CUS0493,1,477.02,Defective
RET0613,SAL02440,2022-02-26,PRD088,ST08,CUS0476,1,612.99,Changed Mind
RET0614,SAL05273,2024-08-18,PRD032,ST11,CUS0054,1,398.75,Wrong Item
RET0615,SAL05460,2023-03-29,PRD100,ST13,CUS0129,1,362.16,Changed Mind
RET0616,SAL05156,2024-02-15,PRD029,ST16,CUS0321,1,212.69,Changed Mind
RET0617,SAL02343,2025-02-10,PRD071,ST06,CUS0189,1,566.21,Performance Issues
RET0618,SAL11500,2024-03-20,PRD006,ST02,CUS0288,1,516.17,Defective
RET0619,SAL09789,2023-03-24,PRD085,ST05,CUS0037,1,395.19,Damaged
RET0620,SAL07851,2024-08-01,PRD072,ST13,CUS0245,1,110.06,Wrong Item
RET0621,SAL05486,2024-09-28,PRD104,ST10,CUS0544,1,448.82,Changed Mind
RET0622,SAL03130,2023-05-23,PRD064,ST17,CUS0210,2,118.38,Damaged
RET0623,SAL05007,2023-04-16,PRD108,ST01,CUS0527,1,152.95,Defective
RET0624,SAL03674,2024-02-15,PRD024,ST09,CUS0270,1,953.29,Damaged
RET0625,SAL07075,2024-06-20,PRD083,ST11,CUS0127,1,640.91,Performance Issues
RET0626,SAL03232,2024-02-02,PRD104,ST17,CUS0123,1,741.89,Defective
RET0627,SAL09993,2024-08-08,PRD025,ST05,CUS0456,1,509.11,Wrong Item
RET0628,SAL04201,2023-08-17,PRD060,ST11,CUS0082,2,160.1,Damaged
RET0629,SAL05228,2024-12-25,PRD080,ST06,CUS0156,1,698.17,Damaged
RET0630,SAL06892,2024-02-16,PRD058,ST07,CUS0408,1,127.89,Defective
RET0631,SAL06213,2023-04-26,PRD014,ST09,CUS0208,1,199.49,Damaged
RET0632,SAL06893,2025-02-26,PRD052,ST10,CUS0531,1,162.34,Wrong Item
RET0633,SAL08100,2023-08-08,PRD079,ST03,CUS0554,1,423.02,Changed Mind
RET0634,SAL07696,2024-10-15,PRD066,ST12,CUS0028,1,386.09,Performance Issues
RET0635,SAL11111,2024-02-04,PRD047,ST04,CUS0328,1,180.87,Performance Issues
RET0636,SAL04252,2024-06-13,PRD118,ST01,CUS0196,1,362.81,Wrong Item
RET0637,SAL06290,2025-03-20,PRD100,ST05,CUS0132,1,631.56,Wrong Item
RET0638,SAL01836,2023-01-31,PRD082,ST03,CUS0225,1,1441.04,Wrong Item
RET0639,SAL10450,2024-09-15,PRD095,ST16,CUS0590,1,303.47,Performance Issues
RET0640,SAL02616,2024-08-24,PRD030,ST07,CUS0125,1,28.15,Changed Mind
RET0641,SAL02280,2023-01-26,PRD117,ST10,CUS0126,1,25.19,Changed Mind
RET0642,SAL06763,2023-11-01,PRD069,ST03,CUS0142,1,141.73,Damaged
RET0643,SAL08843,2022-10-03,PRD099,ST04,CUS0527,1,166.48,Defective
RET0644,SAL10287,2022-05-18,PRD054,ST11,CUS0215,1,767.87,Defective
RET0645,SAL10210,2023-09-04,PRD063,ST05,CUS0106,1,62.46,Performance Issues
RET0646,SAL11182,2023-11-09,PRD064,ST06,CUS0364,1,101.46,Changed Mind
RET0647,SAL04142,2023-02-22,PRD099,ST06,CUS0196,1,233.93,Changed Mind
RET0648,SAL01213,2023-10-08,PRD054,ST11,CUS0404,2,963.18,Performance Issues
RET0649,SAL06703,2022-01-22,PRD064,ST08,CUS0080,1,149.6,Performance Issues
RET0650,SAL09761,2023-01-14,PRD035,ST01,CUS0058,1,426.69,Defective
RET0651,SAL11327,2023-02-02,PRD112,ST16,CUS0142,1,784.5,Wrong Item
RET0652,SAL01698,2023-06-27,PRD046,ST03,CUS0576,2,947.93,Damaged
RET0653,SAL04754,2023-08-08,PRD040,ST09,CUS0558,1,135.57,Damaged
RET0654,SAL09251,2022-06-22,PRD098,ST08,CUS0511,1,227.25,Changed Mind
RET0655,SAL04688,2025-02-27,PRD004,ST13,CUS0366,1,1119.4,Changed Mind
RET0656,SAL02085,2025-07-06,PRD081,ST10,CUS0008,1,416.85,Damaged
RET0657,SAL04858,2022-05-12,PRD032,ST14,CUS0366,2,1342.64,Wrong Item
RET0658,SAL06824,2024-05-06,PRD097,ST07,CUS0380,1,1458.39,Changed Mind
RET0659,SAL04217,2024-08-10,PRD051,ST08,CUS0255,1,763.06,Performance Issues
RET0660,SAL05936,2022-02-18,PRD032,ST07,CUS0336,1,594.9,Damaged
RET0661,SAL04716,2024-08-23,PRD064,ST08,CUS0411,1,32.92,Wrong Item
RET0662,SAL10394,2024-11-24,PRD017,ST01,CUS0484,1,114.62,Damaged
RET0663,SAL01392,2024-04-26,PRD094,ST03,CUS0156,3,2717.59,Damaged
RET0664,SAL08212,2022-08-20,PRD023,ST06,CUS0520,1,130.84,Defective
RET0665,SAL11968,2022-05-17,PRD065,ST03,CUS0194,1,182.65,Performance Issues
RET0666,SAL08325,2025-07-23,PRD069,ST08,CUS0021,1,58.6,Defective
RET0667,SAL09183,2022-06-03,PRD071,ST07,CUS0221,1,450.31,Performance Issues
RET0668,SAL07374,2023-10-16,PRD046,ST16,CUS0560,1,1022.26,Changed Mind
RET0669,SAL03739,2023-10-09,PRD037,ST13,CUS0356,1,1057.55,Defective
RET0670,SAL10940,2024-09-04,PRD076,ST16,CUS0499,1,288.82,Defective
RET0671,SAL08479,2022-02-18,PRD010,ST17,CUS0136,2,955.12,Performance Issues
RET0672,SAL07567,2025-03-23,PRD020,ST08,CUS0183,1,84.86,Defective
RET0673,SAL03031,2025-06-02,PRD056,ST14,CUS0265,1,1713.44,Changed Mind
RET0674,SAL00190,2025-01-18,PRD023,ST07,CUS0206,1,386.15,Damaged
RET0675,SAL05979,2025-08-18,PRD083,ST09,CUS0289,1,461.07,Damaged
RET0676,SAL09442,2022-10-03,PRD029,ST15,CUS0021,2,1066.48,Changed Mind
RET0677,SAL02943,2022-11-07,PRD057,ST08,CUS0297,1,1368.84,Defective
RET0678,SAL04127,2022-11-14,PRD032,ST14,CUS0476,1,2012.14,Wrong Item
RET0679,SAL03731,2022-10-17,PRD036,ST10,CUS0253,1,581.17,Defective
RET0680,SAL06465,2023-12-16,PRD009,ST14,CUS0574,1,1608.97,Defective
RET0681,SAL02945,2023-12-03,PRD002,ST06,CUS0358,1,62.73,Performance Issues
RET0682,SAL00885,2022-02-14,PRD039,ST16,CUS0017,1,319.2,Performance Issues
RET0683,SAL11694,2022-01-26,PRD081,ST16,CUS0177,3,574.14,Changed Mind
RET0684,SAL00958,2022-02-15,PRD068,ST11,CUS0178,1,213.27,Damaged
RET0685,SAL11699,2022-12-04,PRD091,ST05,CUS0527,2,1056.61,Damaged
RET0686,SAL10033,2023-01-30,PRD037,ST15,CUS0286,2,4546.06,Changed Mind
RET0687,SAL07730,2025-08-31,PRD044,ST06,CUS0179,1,507.32,Changed Mind
RET0688,SAL07449,2022-04-15,PRD117,ST10,CUS0277,1,68.59,Changed Mind
RET0689,SAL04407,2025-06-05,PRD075,ST16,CUS0396,1,431.6,Wrong Item
RET0690,SAL05907,2023-04-28,PRD053,ST10,CUS0042,2,441.93,Changed Mind
RET0691,SAL09348,2025-04-28,PRD033,ST02,CUS0075,1,487.35,Wrong Item
RET0692,SAL03112,2024-10-16,PRD093,ST16,CUS0401,2,1816.89,Performance Issues
RET0693,SAL05342,2024-01-18,PRD047,ST04,CUS0306,1,267.54,Performance Issues
RET0694,SAL08067,2022-08-01,PRD044,ST17,CUS0365,1,1559.54,Performance Issues
RET0695,SAL01684,2025-01-04,PRD099,ST11,CUS0398,1,243.13,Changed Mind
RET0696,SAL05208,2024-05-24,PRD099,ST02,CUS0040,1,372.63,Wrong Item
RET0697,SAL00415,2023-05-03,PRD113,ST09,CUS0178,1,822.93,Performance Issues
RET0698,SAL03783,2024-10-11,PRD052,ST10,CUS0429,1,162.54,Defective
RET0699,SAL02038,2024-09-07,PRD016,ST08,CUS0542,4,1913.5,Defective
RET0700,SAL05822,2024-03-08,PRD028,ST09,CUS0577,1,119.77,Damaged
RET0701,SAL10497,2024-12-03,PRD035,ST17,CUS0597,1,594.79,Damaged
RET0702,SAL05589,2022-01-12,PRD105,ST07,CUS0018,1,450.99,Changed Mind
RET0703,SAL05145,2025-02-13,PRD114,ST01,CUS0006,1,458.08,Defective
RET0704,SAL07225,2022-01-30,PRD052,ST05,CUS0437,1,522.35,Changed Mind
RET0705,SAL01457,2025-07-25,PRD051,ST07,CUS0369,1,856.45,Defective
RET0706,SAL04530,2022-11-30,PRD104,ST07,CUS0170,1,1067.5,Performance Issues
RET0707,SAL09077,2023-06-29,PRD007,ST17,CUS0405,1,314.95,Defective
RET0708,SAL04482,2024-07-23,PRD099,ST16,CUS0053,1,476.43,Performance Issues
RET0709,SAL07531,2025-08-03,PRD042,ST04,CUS0289,1,835.77,Damaged
RET0710,SAL10566,2025-08-31,PRD027,ST12,CUS0537,1,620.52,Performance Issues
RET0711,SAL06809,2023-01-20,PRD031,ST12,CUS0239,1,587.94,Damaged
RET0712,SAL03322,2024-12-30,PRD011,ST10,CUS0023,1,256.23,Defective
RET0713,SAL07988,2024-10-03,PRD041,ST12,CUS0113,1,1049.72,Defective
RET0714,SAL08328,2024-11-04,PRD007,ST03,CUS0403,1,526.66,Performance Issues
RET0715,SAL04026,2024-04-21,PRD017,ST16,CUS0385,1,256.92,Performance Issues
RET0716,SAL07238,2022-06-18,PRD074,ST01,CUS0226,1,103.72,Changed Mind
RET0717,SAL07191,2024-03-09,PRD025,ST03,CUS0210,1,298.77,Performance Issues
RET0718,SAL00291,2022-11-13,PRD075,ST11,CUS0443,1,227.44,Performance Issues
RET0719,SAL10843,2022-06-09,PRD002,ST09,CUS0214,2,396.82,Changed Mind
RET0720,SAL09000,2022-09-16,PRD006,ST12,CUS0472,1,419.52,Wrong Item
RET0721,SAL03543,2022-06-06,PRD068,ST08,CUS0424,1,352.16,Wrong Item
RET0722,SAL11002,2022-02-07,PRD021,ST11,CUS0346,1,481.73,Defective
RET0723,SAL00148,2024-03-10,PRD085,ST03,CUS0210,1,627.97,Damaged
RET0724,SAL01994,2022-06-24,PRD032,ST14,CUS0527,1,1220.44,Damaged
RET0725,SAL00132,2022-03-15,PRD082,ST03,CUS0554,1,327.0,Defective
RET0726,SAL09554,2025-05-13,PRD029,ST13,CUS0511,1,216.18,Performance Issues
RET0727,SAL08438,2023-09-13,PRD084,ST12,CUS0494,1,420.9,Wrong Item
RET0728,SAL04421,2023-08-10,PRD086,ST05,CUS0344,2,2269.21,Defective
RET0729,SAL06546,2022-03-29,PRD070,ST03,CUS0457,4,124.03,Changed Mind
RET0730,SAL00253,2023-10-21,PRD037,ST09,CUS0553,1,1074.44,Wrong Item
RET0731,SAL04263,2024-04-07,PRD036,ST03,CUS0376,1,539.17,Changed Mind
RET0732,SAL11830,2024-02-14,PRD079,ST06,CUS0562,1,218.17,Changed Mind
RET0733,SAL01795,2023-12-14,PRD108,ST06,CUS0122,1,227.03,Performance Issues
RET0734,SAL04360,2024-07-14,PRD001,ST01,CUS0528,1,1179.05,Performance Issues
RET0735,SAL09794,2025-06-25,PRD021,ST10,CUS0274,1,727.92,Wrong Item
RET0736,SAL01971,2025-01-24,PRD085,ST01,CUS0323,1,1091.62,Damaged
RET0737,SAL03568,2025-07-30,PRD088,ST01,CUS0538,2,753.49,Performance Issues
RET0738,SAL09467,2023-10-03,PRD001,ST14,CUS0192,1,821.7,Performance Issues
RET0739,SAL00362,2022-05-28,PRD106,ST08,CUS0597,2,2013.67,Performance Issues
RET0740,SAL05005,2022-09-06,PRD011,ST04,CUS0128,1,305.31,Wrong Item
RET0741,SAL09228,2024-10-01,PRD116,ST11,CUS0448,1,344.86,Wrong Item
RET0742,SAL11316,2023-05-01,PRD101,ST03,CUS0585,1,432.48,Defective
RET0743,SAL04489,2022-06-10,PRD009,ST14,CUS0475,1,1657.75,Performance Issues
RET0744,SAL09364,2022-11-26,PRD036,ST09,CUS0396,1,245.53,Performance Issues
RET0745,SAL00373,2025-06-20,PRD009,ST17,CUS0393,1,1501.57,Damaged
RET0746,SAL09417,2022-10-01,PRD069,ST17,CUS0465,1,75.13,Damaged
RET0747,SAL03820,2025-03-29,PRD005,ST12,CUS0297,1,341.84,Damaged
RET0748,SAL06219,2022-04-17,PRD065,ST16,CUS0112,1,424.21,Wrong Item
RET0749,SAL02765,2024-12-12,PRD043,ST16,CUS0505,1,404.38,Damaged
RET0750,SAL04309,2025-03-04,PRD067,ST17,CUS0241,1,296.96,Defective
RET0751,SAL02683,2024-04-20,PRD093,ST09,CUS0417,1,868.23,Defective
RET0752,SAL10879,2024-04-25,PRD021,ST10,CUS0380,1,745.85,Performance Issues
RET0753,SAL09207,2025-05-11,PRD089,ST17,CUS0500,1,145.49,Wrong Item
RET0754,SAL04974,2025-07-07,PRD043,ST03,CUS0244,1,213.33,Performance Issues
RET0755,SAL01686,2025-02-01,PRD093,ST02,CUS0246,2,1162.68,Damaged
RET0756,SAL00951,2025-08-06,PRD119,ST13,CUS0376,1,876.16,Wrong Item
RET0757,SAL03861,2024-01-12,PRD027,ST14,CUS0141,1,1045.14,Wrong Item
RET0758,SAL01310,2025-05-03,PRD115,ST12,CUS0147,1,735.6,Performance Issues
RET0759,SAL06817,2022-08-13,PRD037,ST10,CUS0454,1,1647.62,Performance Issues
RET0760,SAL00685,2023-03-26,PRD042,ST08,CUS0475,1,842.54,Performance Issues
RET0761,SAL07583,2023-11-08,PRD031,ST16,CUS0525,1,297.47,Changed Mind
RET0762,SAL08187,2024-03-18,PRD090,ST04,CUS0074,1,1331.24,Wrong Item
RET0763,SAL09061,2023-10-17,PRD059,ST14,CUS0243,1,311.4,Wrong Item
RET0764,SAL06204,2023-07-24,PRD083,ST17,CUS0372,1,377.56,Performance Issues
RET0765,SAL05513,2023-10-21,PRD050,ST09,CUS0274,1,414.25,Wrong Item
RET0766,SAL05896,2024-06-22,PRD009,ST12,CUS0261,1,481.34,Defective
RET0767,SAL10148,2022-10-14,PRD105,ST15,CUS0354,1,295.12,Damaged
RET0768,SAL01981,2022-09-22,PRD073,ST14,CUS0283,1,587.39,Defective
RET0769,SAL10820,2024-09-14,PRD038,ST04,CUS0394,1,739.2,Changed Mind
RET0770,SAL01145,2022-03-16,PRD099,ST13,CUS0212,1,242.37,Wrong Item
RET0771,SAL07282,2022-09-24,PRD018,ST04,CUS0381,1,364.43,Defective
RET0772,SAL02164,2022-07-03,PRD057,ST17,CUS0053,1,938.48,Damaged
RET0773,SAL03661,2023-08-15,PRD068,ST05,CUS0022,1,161.27,Performance Issues
RET0774,SAL01960,2024-03-14,PRD025,ST11,CUS0150,1,661.63,Performance Issues
RET0775,SAL10448,2023-05-17,PRD067,ST07,CUS0244,1,324.08,Performance Issues
RET0776,SAL08264,2023-07-04,PRD050,ST13,CUS0555,1,374.15,Damaged
RET0777,SAL06566,2024-09-13,PRD064,ST06,CUS0251,1,77.56,Wrong Item
RET0778,SAL08997,2024-08-18,PRD059,ST01,CUS0377,1,145.44,Wrong Item
RET0779,SAL05702,2022-07-02,PRD108,ST15,CUS0039,1,279.07,Changed Mind
RET0780,SAL01937,2024-11-03,PRD016,ST17,CUS0111,1,561.67,Wrong Item
RET0781,SAL06636,2022-06-25,PRD044,ST08,CUS0569,1,1253.26,Performance Issues
RET0782,SAL01486,2022-12-29,PRD062,ST11,CUS0208,1,3101.63,Changed Mind
RET0783,SAL10444,2022-08-06,PRD091,ST12,CUS0314,1,389.49,Defective
RET0784,SAL07144,2023-03-21,PRD055,ST09,CUS0399,1,157.51,Changed Mind
RET0785,SAL11722,2024-10-06,PRD074,ST04,CUS0430,1,109.52,Wrong Item
RET0786,SAL04035,2022-03-22,PRD039,ST17,CUS0263,1,199.25,Performance Issues
RET0787,SAL02507,2025-03-26,PRD102,ST14,CUS0094,2,247.26,Damaged
RET0788,SAL04857,2023-10-04,PRD071,ST02,CUS0340,1,668.62,Wrong Item
RET0789,SAL02389,2022-11-19,PRD073,ST03,CUS0404,1,358.02,Wrong Item
RET0790,SAL02073,2022-12-30,PRD061,ST17,CUS0380,1,345.05,Wrong Item
RET0791,SAL01453,2023-02-04,PRD001,ST01,CUS0092,1,1113.83,Damaged
RET0792,SAL07787,2022-10-22,PRD080,ST14,CUS0264,1,368.47,Defective
RET0793,SAL01287,2022-05-28,PRD110,ST03,CUS0244,1,394.24,Defective
RET0794,SAL07128,2022-09-21,PRD081,ST11,CUS0455,2,756.42,Damaged
RET0795,SAL02481,2025-06-22,PRD008,ST08,CUS0030,1,72.04,Performance Issues
RET0796,SAL03738,2024-11-27,PRD021,ST02,CUS0475,1,456.14,Performance Issues
RET0797,SAL09687,2024-02-01,PRD116,ST08,CUS0456,1,346.49,Wrong Item
RET0798,SAL03106,2024-03-03,PRD047,ST08,CUS0165,1,352.08,Changed Mind
RET0799,SAL00326,2024-12-13,PRD023,ST01,CUS0576,1,90.46,Damaged
RET0800,SAL02259,2025-07-15,PRD053,ST04,CUS0187,1,319.72,Changed Mind
RET0801,SAL00498,2023-08-06,PRD043,ST14,CUS0079,1,223.65,Wrong Item
RET0802,SAL11347,2023-05-31,PRD015,ST08,CUS0371,1,464.89,Changed Mind
RET0803,SAL10389,2025-08-30,PRD024,ST03,CUS0290,1,895.99,Changed Mind
RET0804,SAL10679,2025-03-30,PRD002,ST06,CUS0436,1,78.84,Wrong Item
RET0805,SAL05190,2023-04-21,PRD051,ST05,CUS0534,2,1681.38,Damaged
RET0806,SAL00050,2024-01-18,PRD092,ST05,CUS0439,1,347.09,Defective
RET0807,SAL11338,2025-05-08,PRD062,ST06,CUS0455,1,492.39,Wrong Item
RET0808,SAL08301,2022-10-14,PRD093,ST11,CUS0277,1,631.85,Damaged
RET0809,SAL08529,2022-10-27,PRD037,ST03,CUS0564,1,629.1,Wrong Item
RET0810,SAL09236,2025-07-22,PRD013,ST11,CUS0545,1,268.85,Performance Issues
RET0811,SAL08680,2024-05-02,PRD011,ST16,CUS0176,1,94.96,Performance Issues
RET0812,SAL04588,2025-05-09,PRD096,ST06,CUS0466,1,440.92,Changed Mind
RET0813,SAL09387,2023-09-07,PRD011,ST10,CUS0065,1,124.17,Changed Mind
RET0814,SAL09882,2024-01-10,PRD045,ST04,CUS0325,1,949.79,Wrong Item
RET0815,SAL11521,2024-07-14,PRD087,ST16,CUS0533,1,642.34,Defective
RET0816,SAL01950,2025-06-06,PRD068,ST12,CUS0559,1,159.8,Defective
RET0817,SAL09825,2022-08-20,PRD017,ST14,CUS0575,1,300.29,Changed Mind
RET0818,SAL03660,2023-06-21,PRD020,ST10,CUS0382,2,291.88,Defective
RET0819,SAL00690,2024-09-30,PRD035,ST01,CUS0154,2,2055.61,Changed Mind
RET0820,SAL02287,2023-11-23,PRD108,ST11,CUS0226,1,203.31,Wrong Item
RET0821,SAL02973,2024-09-10,PRD050,ST11,CUS0171,1,945.39,Damaged
RET0822,SAL07315,2025-01-20,PRD119,ST11,CUS0525,1,2362.94,Wrong Item
RET0823,SAL05397,2024-04-27,PRD100,ST17,CUS0160,1,268.56,Changed Mind
RET0824,SAL04129,2023-04-28,PRD079,ST04,CUS0373,1,206.79,Wrong Item
RET0825,SAL05650,2022-08-14,PRD056,ST17,CUS0293,1,313.85,Damaged
RET0826,SAL04978,2024-06-12,PRD099,ST09,CUS0289,1,687.84,Defective
RET0827,SAL07831,2024-12-24,PRD056,ST14,CUS0100,1,703.98,Performance Issues
RET0828,SAL07103,2022-03-18,PRD002,ST12,CUS0109,1,113.52,Damaged
RET0829,SAL09384,2022-07-29,PRD076,ST03,CUS0077,2,874.2,Performance Issues
RET0830,SAL01242,2022-06-11,PRD097,ST01,CUS0567,1,328.0,Damaged
RET0831,SAL04144,2022-12-09,PRD024,ST15,CUS0150,1,628.72,Wrong Item
RET0832,SAL03116,2023-09-26,PRD072,ST01,CUS0470,1,278.74,Performance Issues
RET0833,SAL00882,2023-02-21,PRD064,ST16,CUS0054,1,48.52,Performance Issues
RET0834,SAL04563,2023-09-07,PRD085,ST16,CUS0094,2,1467.29,Damaged
RET0835,SAL08707,2025-09-10,PRD030,ST10,CUS0402,1,63.2,Changed Mind
RET0836,SAL11741,2024-04-09,PRD100,ST02,CUS0349,1,235.67,Damaged
RET0837,SAL08952,2022-08-19,PRD053,ST17,CUS0411,1,146.44,Performance Issues
RET0838,SAL01126,2025-02-17,PRD021,ST15,CUS0013,1,1135.83,Wrong Item
RET0839,SAL09912,2025-08-20,PRD111,ST11,CUS0422,3,2328.41,Defective
RET0840,SAL07718,2024-07-31,PRD071,ST05,CUS0584,1,2213.81,Damaged
RET0841,SAL01850,2025-09-10,PRD019,ST16,CUS0190,1,1153.87,Performance Issues
RET0842,SAL11335,2024-10-26,PRD059,ST12,CUS0578,1,167.1,Performance Issues
RET0843,SAL10919,2025-09-14,PRD041,ST09,CUS0090,1,508.49,Wrong Item
RET0844,SAL08270,2025-08-29,PRD009,ST07,CUS0142,1,661.35,Damaged
RET0845,SAL10556,2022-10-10,PRD049,ST01,CUS0255,1,539.49,Defective
RET0846,SAL09947,2022-03-12,PRD005,ST02,CUS0253,1,745.2,Performance Issues
RET0847,SAL02557,2025-06-09,PRD014,ST14,CUS0145,1,84.35,Wrong Item
RET0848,SAL00355,2024-03-24,PRD058,ST03,CUS0172,1,222.56,Wrong Item
RET0849,SAL06079,2024-03-06,PRD013,ST02,CUS0448,1,156.74,Performance Issues
RET0850,SAL06286,2022-05-09,PRD008,ST11,CUS0417,1,41.79,Defective
RET0851,SAL03547,2025-03-17,PRD068,ST03,CUS0358,1,174.62,Defective
RET0852,SAL07138,2024-10-14,PRD058,ST03,CUS0140,1,336.54,Damaged
RET0853,SAL07798,2025-08-13,PRD050,ST09,CUS0058,1,451.74,Damaged
RET0854,SAL03639,2022-03-13,PRD060,ST14,CUS0028,1,76.18,Performance Issues
RET0855,SAL10203,2022-12-01,PRD105,ST10,CUS0042,1,797.27,Changed Mind
RET0856,SAL09739,2024-03-29,PRD030,ST13,CUS0508,1,22.41,Changed Mind
RET0857,SAL00952,2025-01-08,PRD011,ST10,CUS0240,1,100.01,Wrong Item
RET0858,SAL09067,2024-05-24,PRD046,ST07,CUS0244,4,1272.71,Defective
RET0859,SAL04219,2023-09-05,PRD117,ST09,CUS0568,1,74.26,Wrong Item
RET0860,SAL02537,2025-08-30,PRD011,ST08,CUS0037,2,348.98,Changed Mind
RET0861,SAL11413,2024-12-22,PRD005,ST11,CUS0211,1,325.59,Performance Issues
RET0862,SAL11053,2022-04-07,PRD055,ST10,CUS0314,1,141.58,Defective
RET0863,SAL01571,2023-03-11,PRD067,ST01,CUS0425,1,446.4,Wrong Item
RET0864,SAL06270,2024-12-21,PRD016,ST17,CUS0056,1,385.86,Changed Mind
RET0865,SAL01974,2022-04-03,PRD057,ST13,CUS0207,1,887.76,Changed Mind
RET0866,SAL06372,2022-04-17,PRD109,ST12,CUS0460,1,2270.81,Changed Mind
RET0867,SAL04056,2024-06-14,PRD090,ST11,CUS0452,1,553.29,Changed Mind
RET0868,SAL05637,2022-02-27,PRD044,ST15,CUS0344,1,1042.43,Performance Issues
RET0869,SAL08262,2022-03-13,PRD007,ST12,CUS0507,1,256.54,Changed Mind
RET0870,SAL09290,2023-08-31,PRD020,ST15,CUS0041,1,192.4,Wrong Item
RET0871,SAL10241,2024-06-12,PRD042,ST14,CUS0171,1,622.08,Wrong Item
RET0872,SAL08009,2023-12-04,PRD038,ST03,CUS0110,3,2800.06,Changed Mind
RET0873,SAL10180,2024-07-02,PRD064,ST16,CUS0268,1,42.07,Damaged
RET0874,SAL06641,2022-05-31,PRD098,ST13,CUS0245,2,988.32,Damaged
RET0875,SAL01214,2023-09-09,PRD095,ST01,CUS0215,1,189.55,Changed Mind
RET0876,SAL04273,2024-11-19,PRD035,ST02,CUS0534,1,695.12,Changed Mind
RET0877,SAL10951,2023-12-25,PRD110,ST04,CUS0485,2,2681.46,Performance Issues
RET0878,SAL05126,2025-03-01,PRD040,ST08,CUS0506,1,175.66,Changed Mind
RET0879,SAL10587,2024-05-31,PRD081,ST16,CUS0143,1,114.95,Wrong Item
RET0880,SAL11673,2025-08-03,PRD052,ST05,CUS0572,1,436.75,Performance Issues
RET0881,SAL06659,2022-08-28,PRD106,ST16,CUS0347,1,970.95,Changed Mind
RET0882,SAL03406,2023-08-26,PRD033,ST03,CUS0413,2,980.15,Changed Mind
RET0883,SAL10871,2024-08-27,PRD059,ST09,CUS0374,1,398.22,Damaged
RET0884,SAL09480,2025-02-16,PRD038,ST10,CUS0316,1,378.02,Wrong Item
RET0885,SAL07865,2025-09-12,PRD030,ST04,CUS0143,1,35.3,Wrong Item
RET0886,SAL10817,2023-03-12,PRD041,ST06,CUS0329,1,1855.77,Performance Issues
RET0887,SAL02094,2025-09-28,PRD034,ST11,CUS0035,1,245.87,Performance Issues
RET0888,SAL05524,2023-08-04,PRD028,ST16,CUS0559,1,53.8,Performance Issues
RET0889,SAL03455,2024-02-11,PRD053,ST15,CUS0417,1,200.76,Wrong Item
RET0890,SAL11973,2024-09-15,PRD103,ST06,CUS0315,1,166.78,Changed Mind
RET0891,SAL01164,2023-01-15,PRD100,ST16,CUS0384,1,340.37,Defective
RET0892,SAL09535,2025-04-22,PRD100,ST01,CUS0057,1,210.81,Wrong Item
RET0893,SAL06008,2022-06-18,PRD082,ST07,CUS0219,1,705.55,Damaged
RET0894,SAL06109,2024-10-22,PRD102,ST06,CUS0310,2,166.31,Performance Issues
RET0895,SAL01763,2022-10-09,PRD016,ST12,CUS0382,1,370.34,Performance Issues
RET0896,SAL04572,2023-05-11,PRD066,ST06,CUS0510,1,464.29,Wrong Item
RET0897,SAL00789,2024-01-30,PRD010,ST05,CUS0032,1,350.97,Damaged
RET0898,SAL08607,2025-03-08,PRD010,ST05,CUS0581,2,950.27,Wrong Item
RET0899,SAL08180,2024-12-31,PRD001,ST12,CUS0015,6,3488.53,Defective
RET0900,SAL11302,2023-05-04,PRD110,ST07,CUS0344,1,355.11,Changed Mind
RET0901,SAL09607,2022-05-14,PRD103,ST05,CUS0027,1,157.78,Wrong Item
RET0902,SAL11492,2025-04-08,PRD039,ST09,CUS0419,1,546.99,Damaged
RET0903,SAL11884,2025-06-09,PRD092,ST07,CUS0195,1,259.03,Defective
RET0904,SAL04842,2024-08-06,PRD081,ST06,CUS0374,5,779.53,Performance Issues
RET0905,SAL06585,2025-04-12,PRD089,ST09,CUS0062,2,346.84,Damaged
RET0906,SAL07269,2025-09-20,PRD029,ST01,CUS0594,1,154.64,Wrong Item
RET0907,SAL11021,2022-02-26,PRD016,ST01,CUS0472,1,289.53,Damaged
RET0908,SAL11936,2023-03-02,PRD118,ST16,CUS0078,3,1194.09,Wrong Item
RET0909,SAL07565,2022-02-13,PRD002,ST16,CUS0189,1,103.33,Defective
RET0910,SAL03418,2022-05-07,PRD097,ST09,CUS0195,1,1327.87,Defective
RET0911,SAL11435,2024-05-18,PRD034,ST06,CUS0458,1,169.39,Damaged
RET0912,SAL04376,2023-08-23,PRD106,ST11,CUS0307,1,594.19,Performance Issues
RET0913,SAL02118,2024-10-13,PRD108,ST05,CUS0419,1,541.37,Wrong Item
RET0914,SAL06707,2025-04-23,PRD100,ST08,CUS0465,1,257.57,Defective
RET0915,SAL11588,2023-02-15,PRD001,ST14,CUS0201,1,421.93,Damaged
RET0916,SAL11414,2025-04-04,PRD075,ST03,CUS0280,3,1175.95,Wrong Item
RET0917,SAL06568,2025-03-30,PRD077,ST07,CUS0190,1,74.65,Wrong Item
RET0918,SAL00186,2023-12-03,PRD083,ST05,CUS0435,1,326.88,Damaged
RET0919,SAL06200,2022-11-23,PRD105,ST03,CUS0461,1,350.23,Changed Mind
RET0920,SAL03630,2025-07-04,PRD106,ST04,CUS0400,1,993.95,Wrong Item
RET0921,SAL08287,2025-03-28,PRD072,ST08,CUS0243,1,114.29,Defective
RET0922,SAL04981,2023-03-05,PRD031,ST07,CUS0193,1,313.82,Performance Issues
RET0923,SAL03491,2024-01-01,PRD113,ST10,CUS0454,1,936.61,Wrong Item
RET0924,SAL06967,2023-10-26,PRD012,ST09,CUS0255,2,916.87,Defective
RET0925,SAL03801,2023-03-20,PRD066,ST01,CUS0475,1,552.08,Damaged
RET0926,SAL08718,2023-05-01,PRD001,ST07,CUS0168,1,369.83,Defective
RET0927,SAL07980,2022-07-03,PRD109,ST02,CUS0054,1,1505.18,Defective
RET0928,SAL10893,2024-07-30,PRD110,ST04,CUS0437,1,821.62,Defective
RET0929,SAL05407,2023-05-26,PRD028,ST15,CUS0010,2,201.52,Damaged
RET0930,SAL00452,2022-05-30,PRD099,ST04,CUS0393,1,594.02,Changed Mind
RET0931,SAL08618,2024-01-05,PRD107,ST07,CUS0135,1,195.22,Wrong Item
RET0932,SAL11320,2022-12-05,PRD032,ST08,CUS0536,1,323.72,Defective
RET0933,SAL04394,2025-09-01,PRD025,ST06,CUS0164,1,596.4,Damaged
RET0934,SAL11108,2022-09-05,PRD051,ST07,CUS0476,1,1280.46,Damaged
RET0935,SAL01140,2025-06-04,PRD050,ST10,CUS0246,1,391.4,Performance Issues
RET0936,SAL07885,2024-01-02,PRD049,ST09,CUS0504,2,1052.5,Defective
RET0937,SAL08488,2024-01-02,PRD005,ST09,CUS0053,1,886.12,Changed Mind
RET0938,SAL06063,2024-01-27,PRD068,ST17,CUS0594,1,215.03,Wrong Item
RET0939,SAL09418,2022-08-25,PRD078,ST08,CUS0174,1,624.62,Damaged
RET0940,SAL03662,2025-10-01,PRD037,ST02,CUS0287,1,670.52,Damaged
RET0941,SAL06486,2024-11-16,PRD033,ST16,CUS0177,1,200.65,Damaged
RET0942,SAL00880,2023-10-07,PRD097,ST09,CUS0453,1,273.45,Damaged
RET0943,SAL06998,2024-08-30,PRD097,ST08,CUS0157,1,560.82,Changed Mind
RET0944,SAL00163,2025-08-05,PRD049,ST04,CUS0397,2,1120.72,Damaged
RET0945,SAL06193,2025-05-05,PRD025,ST16,CUS0569,1,605.12,Performance Issues
RET0946,SAL04194,2023-02-17,PRD062,ST08,CUS0574,1,622.0,Changed Mind
RET0947,SAL01002,2022-11-30,PRD042,ST12,CUS0010,1,558.89,Performance Issues
RET0948,SAL00760,2022-12-25,PRD111,ST11,CUS0463,2,2032.77,Damaged
RET0949,SAL05025,2022-05-12,PRD036,ST07,CUS0570,1,466.03,Damaged
RET0950,SAL09462,2023-06-05,PRD104,ST05,CUS0128,1,756.97,Defective
RET0951,SAL07358,2023-06-29,PRD017,ST04,CUS0178,1,255.15,Wrong Item
RET0952,SAL09208,2022-05-28,PRD059,ST07,CUS0356,1,486.04,Changed Mind
RET0953,SAL09315,2022-06-19,PRD080,ST03,CUS0253,1,1303.99,Damaged
RET0954,SAL05182,2023-05-03,PRD069,ST03,CUS0251,1,127.73,Performance Issues
RET0955,SAL07159,2024-04-19,PRD014,ST15,CUS0492,1,103.86,Performance Issues
RET0956,SAL05138,2025-01-25,PRD097,ST11,CUS0456,1,584.72,Wrong Item
RET0957,SAL05539,2023-05-04,PRD031,ST14,CUS0145,1,501.03,Changed Mind
RET0958,SAL06583,2023-11-28,PRD102,ST12,CUS0148,1,56.49,Defective
RET0959,SAL01361,2023-05-21,PRD023,ST05,CUS0476,1,50.64,Damaged
RET0960,SAL01496,2025-03-05,PRD036,ST02,CUS0395,2,687.97,Changed Mind
RET0961,SAL04090,2022-06-11,PRD106,ST08,CUS0036,1,947.36,Defective
RET0962,SAL08435,2024-07-20,PRD109,ST07,CUS0341,1,429.99,Wrong Item
RET0963,SAL05605,2025-07-30,PRD007,ST05,CUS0329,1,343.81,Wrong Item
RET0964,SAL05089,2023-09-13,PRD041,ST11,CUS0480,1,996.4,Wrong Item
RET0965,SAL08185,2023-04-17,PRD072,ST03,CUS0032,1,96.72,Defective
RET0966,SAL07796,2023-03-03,PRD078,ST17,CUS0291,1,508.71,Wrong Item
RET0967,SAL08700,2023-10-17,PRD070,ST16,CUS0184,1,63.43,Damaged
RET0968,SAL02044,2025-04-09,PRD025,ST01,CUS0469,1,352.82,Wrong Item
RET0969,SAL10056,2024-07-28,PRD071,ST12,CUS0571,1,572.37,Defective
RET0970,SAL04081,2023-12-11,PRD015,ST04,CUS0448,2,886.78,Damaged
RET0971,SAL05254,2024-08-31,PRD118,ST16,CUS0120,1,564.64,Changed Mind
RET0972,SAL06768,2022-11-13,PRD024,ST13,CUS0106,1,840.87,Performance Issues
RET0973,SAL05877,2025-01-17,PRD081,ST07,CUS0500,1,111.37,Wrong Item
RET0974,SAL10648,2023-09-16,PRD045,ST08,CUS0462,1,1031.38,Wrong Item
RET0975,SAL11567,2022-11-07,PRD005,ST09,CUS0363,1,761.79,Wrong Item
RET0976,SAL10499,2022-02-21,PRD119,ST03,CUS0270,1,783.17,Performance Issues
RET0977,SAL02636,2024-11-29,PRD071,ST16,CUS0005,1,742.76,Damaged
RET0978,SAL05557,2024-04-14,PRD062,ST11,CUS0527,1,1278.71,Changed Mind
RET0979,SAL03290,2023-10-12,PRD041,ST03,CUS0153,2,2157.16,Wrong Item
RET0980,SAL05861,2023-02-01,PRD063,ST13,CUS0240,1,122.52,Wrong Item
RET0981,SAL03676,2023-10-05,PRD070,ST10,CUS0147,3,84.04,Changed Mind
RET0982,SAL06735,2025-01-12,PRD048,ST02,CUS0524,1,372.9,Damaged
RET0983,SAL04545,2025-09-07,PRD045,ST11,CUS0056,1,1253.13,Defective
RET0984,SAL04568,2024-01-20,PRD043,ST07,CUS0018,1,463.36,Wrong Item
RET0985,SAL11540,2022-04-26,PRD092,ST06,CUS0167,1,386.88,Changed Mind
RET0986,SAL05920,2024-03-07,PRD008,ST16,CUS0404,1,54.99,Changed Mind
RET0987,SAL04141,2025-01-30,PRD073,ST08,CUS0413,1,475.97,Wrong Item
RET0988,SAL00810,2023-11-04,PRD041,ST08,CUS0306,2,1792.41,Defective
RET0989,SAL02962,2023-08-14,PRD081,ST07,CUS0205,1,124.37,Damaged
RET0990,SAL06398,2024-06-20,PRD078,ST07,CUS0241,1,405.12,Changed Mind
RET0991,SAL00643,2024-09-21,PRD049,ST06,CUS0509,3,2626.3,Damaged
RET0992,SAL07308,2024-03-18,PRD068,ST17,CUS0487,1,230.49,Wrong Item
RET0993,SAL07264,2024-07-02,PRD066,ST02,CUS0579,1,1446.75,Damaged
RET0994,SAL10378,2022-04-26,PRD093,ST14,CUS0371,1,459.1,Defective
RET0995,SAL10662,2022-02-06,PRD012,ST17,CUS0330,1,924.18,Defective
RET0996,SAL05779,2024-01-16,PRD013,ST15,CUS0276,1,380.39,Defective
RET0997,SAL10982,2022-05-23,PRD098,ST04,CUS0445,1,273.86,Damaged
RET0998,SAL05722,2022-03-30,PRD058,ST11,CUS0068,1,235.31,Performance Issues
RET0999,SAL01252,2024-09-17,PRD076,ST12,CUS0312,1,220.69,Performance Issues
RET1000,SAL00274,2024-06-10,PRD099,ST10,CUS0574,1,256.89,Wrong Item
RET1001,SAL05669,2023-08-22,PRD029,ST13,CUS0316,1,157.04,Defective
RET1002,SAL05586,2022-03-31,PRD038,ST02,CUS0119,1,412.41,Performance Issues
RET1003,SAL07699,2023-08-16,PRD035,ST11,CUS0330,1,760.57,Defective
RET1004,SAL11205,2022-10-25,PRD115,ST09,CUS0360,1,481.93,Wrong Item
RET1005,SAL03943,2025-06-15,PRD106,ST14,CUS0193,1,525.98,Changed Mind
RET1006,SAL03447,2025-03-08,PRD110,ST08,CUS0584,1,824.03,Damaged
RET1007,SAL07668,2023-01-02,PRD074,ST14,CUS0357,3,327.08,Damaged
RET1008,SAL07861,2024-11-06,PRD009,ST12,CUS0093,2,2560.41,Performance Issues
RET1009,SAL09407,2024-08-18,PRD012,ST12,CUS0170,1,796.47,Damaged
RET1010,SAL06313,2022-06-23,PRD080,ST01,CUS0525,1,438.53,Wrong Item
RET1011,SAL00432,2025-02-17,PRD118,ST13,CUS0084,1,591.86,Performance Issues
RET1012,SAL03951,2022-06-27,PRD111,ST13,CUS0159,1,942.13,Performance Issues
RET1013,SAL04904,2022-09-11,PRD035,ST04,CUS0581,2,1701.63,Damaged
RET1014,SAL00485,2022-08-23,PRD113,ST07,CUS0313,1,523.38,Damaged
RET1015,SAL02359,2024-04-11,PRD053,ST09,CUS0121,2,546.27,Damaged
RET1016,SAL04638,2023-01-19,PRD022,ST14,CUS0377,1,441.06,Damaged
RET1017,SAL05966,2023-09-23,PRD111,ST11,CUS0058,1,1315.04,Performance Issues
RET1018,SAL04344,2022-06-11,PRD004,ST12,CUS0011,1,476.23,Damaged
RET1019,SAL06461,2023-10-10,PRD095,ST02,CUS0243,1,542.02,Changed Mind
RET1020,SAL00075,2023-02-17,PRD118,ST13,CUS0106,1,216.91,Defective
RET1021,SAL04268,2023-11-26,PRD069,ST16,CUS0028,1,69.82,Damaged
RET1022,SAL01829,2024-05-30,PRD097,ST06,CUS0054,1,438.94,Wrong Item
RET1023,SAL04502,2022-12-17,PRD056,ST17,CUS0034,1,695.92,Damaged
RET1024,SAL02465,2022-11-27,PRD082,ST05,CUS0362,2,1816.37,Performance Issues
RET1025,SAL04216,2024-04-17,PRD055,ST13,CUS0059,1,55.47,Changed Mind
RET1026,SAL09982,2022-06-28,PRD055,ST06,CUS0573,1,160.72,Damaged
RET1027,SAL09030,2025-02-26,PRD101,ST03,CUS0263,1,645.76,Performance Issues
RET1028,SAL09823,2025-08-24,PRD072,ST13,CUS0323,1,155.8,Wrong Item
RET1029,SAL01053,2023-01-13,PRD039,ST15,CUS0154,2,1097.59,Defective
RET1030,SAL00931,2024-09-22,PRD033,ST12,CUS0193,1,132.6,Damaged
RET1031,SAL09264,2024-05-26,PRD028,ST06,CUS0387,1,152.52,Performance Issues
RET1032,SAL07485,2023-12-01,PRD067,ST05,CUS0486,1,936.51,Wrong Item
RET1033,SAL02651,2025-04-12,PRD078,ST12,CUS0373,1,219.97,Performance Issues
RET1034,SAL09367,2022-05-14,PRD005,ST15,CUS0362,1,342.65,Performance Issues
RET1035,SAL09617,2023-10-02,PRD058,ST03,CUS0082,1,165.95,Changed Mind
RET1036,SAL04704,2022-11-05,PRD034,ST16,CUS0132,1,176.34,Damaged
RET1037,SAL05284,2022-08-15,PRD008,ST17,CUS0419,2,191.94,Defective
RET1038,SAL11886,2025-08-26,PRD114,ST10,CUS0058,1,864.22,Performance Issues
RET1039,SAL05531,2025-03-18,PRD094,ST09,CUS0440,1,1624.4,Damaged
RET1040,SAL01365,2023-09-20,PRD099,ST01,CUS0042,1,329.94,Defective
RET1041,SAL05425,2024-03-31,PRD038,ST01,CUS0158,1,480.53,Wrong Item
RET1042,SAL02181,2025-07-12,PRD011,ST14,CUS0018,1,141.6,Damaged
RET1043,SAL08133,2024-06-08,PRD055,ST17,CUS0508,1,138.71,Performance Issues
RET1044,SAL07385,2022-03-24,PRD032,ST01,CUS0081,1,454.65,Defective
RET1045,SAL01129,2023-04-02,PRD029,ST12,CUS0262,1,203.3,Changed Mind
RET1046,SAL07783,2024-10-31,PRD017,ST17,CUS0223,1,142.87,Defective
RET1047,SAL05466,2022-09-30,PRD058,ST10,CUS0559,1,389.76,Damaged
RET1048,SAL10701,2023-10-19,PRD080,ST16,CUS0494,1,370.74,Defective
RET1049,SAL04433,2025-07-09,PRD096,ST03,CUS0430,1,633.19,Damaged
RET1050,SAL00408,2025-01-15,PRD017,ST09,CUS0198,1,160.39,Performance Issues
RET1051,SAL08163,2025-02-05,PRD089,ST02,CUS0332,1,301.84,Changed Mind
RET1052,SAL02009,2022-03-15,PRD106,ST06,CUS0355,1,865.27,Wrong Item
RET1053,SAL01565,2024-06-04,PRD083,ST07,CUS0206,1,590.68,Wrong Item
RET1054,SAL05933,2024-06-09,PRD034,ST08,CUS0376,1,202.47,Damaged
RET1055,SAL02804,2022-09-05,PRD050,ST16,CUS0431,2,1988.43,Changed Mind
RET1056,SAL06956,2025-04-09,PRD089,ST10,CUS0157,1,123.54,Damaged
RET1057,SAL02013,2024-07-10,PRD069,ST04,CUS0346,1,56.91,Damaged
RET1058,SAL04944,2024-09-23,PRD045,ST03,CUS0244,1,1814.78,Performance Issues
RET1059,SAL05651,2024-01-07,PRD038,ST14,CUS0191,2,1748.7,Damaged
RET1060,SAL09945,2022-12-16,PRD045,ST11,CUS0504,3,2556.14,Wrong Item
RET1061,SAL05853,2023-01-01,PRD071,ST02,CUS0085,2,1439.43,Damaged
RET1062,SAL06243,2024-04-19,PRD068,ST11,CUS0220,1,135.68,Changed Mind
RET1063,SAL03799,2022-03-31,PRD016,ST07,CUS0573,1,289.75,Wrong Item
RET1064,SAL10077,2023-12-22,PRD007,ST08,CUS0140,1,741.58,Performance Issues
RET1065,SAL10145,2023-01-23,PRD033,ST17,CUS0403,1,374.06,Defective
RET1066,SAL00577,2022-04-14,PRD007,ST08,CUS0359,1,201.07,Wrong Item
RET1067,SAL07011,2022-01-21,PRD007,ST10,CUS0376,1,377.48,Performance Issues
RET1068,SAL08169,2022-03-16,PRD047,ST11,CUS0055,1,288.0,Wrong Item
RET1069,SAL02559,2025-08-02,PRD073,ST09,CUS0149,1,496.78,Changed Mind
RET1070,SAL10649,2022-02-07,PRD010,ST04,CUS0252,1,326.85,Performance Issues
RET1071,SAL08979,2025-02-06,PRD014,ST06,CUS0580,1,229.68,Changed Mind
RET1072,SAL10636,2024-10-05,PRD033,ST14,CUS0297,2,608.08,Defective
RET1073,SAL10339,2023-02-18,PRD037,ST10,CUS0491,1,854.55,Damaged
RET1074,SAL04871,2023-01-28,PRD001,ST07,CUS0048,1,719.22,Wrong Item
RET1075,SAL05741,2022-02-28,PRD043,ST08,CUS0106,1,193.71,Changed Mind
RET1076,SAL05546,2022-04-14,PRD068,ST15,CUS0084,1,261.72,Wrong Item
RET1077,SAL07886,2024-11-06,PRD063,ST02,CUS0280,1,157.34,Defective
RET1078,SAL07604,2022-10-28,PRD058,ST05,CUS0580,1,165.51,Changed Mind
RET1079,SAL05900,2025-05-02,PRD010,ST14,CUS0025,1,544.74,Defective
RET1080,SAL05103,2022-04-13,PRD033,ST10,CUS0427,1,183.77,Changed Mind
RET1081,SAL00155,2024-05-19,PRD072,ST09,CUS0323,1,269.78,Changed Mind
RET1082,SAL10338,2024-10-24,PRD108,ST15,CUS0542,1,299.67,Defective
RET1083,SAL08541,2025-01-16,PRD112,ST02,CUS0156,3,2390.76,Damaged
RET1084,SAL05295,2022-08-12,PRD091,ST11,CUS0105,1,570.58,Wrong Item
RET1085,SAL00944,2025-03-31,PRD024,ST12,CUS0046,1,391.85,Changed Mind
RET1086,SAL04512,2025-08-24,PRD070,ST03,CUS0225,1,26.88,Damaged
RET1087,SAL08119,2024-03-25,PRD046,ST10,CUS0279,1,376.52,Damaged
RET1088,SAL08557,2022-07-25,PRD096,ST06,CUS0269,1,833.1,Damaged
RET1089,SAL08171,2025-05-11,PRD030,ST10,CUS0321,1,30.14,Damaged
RET1090,SAL02544,2023-10-09,PRD079,ST11,CUS0146,2,586.02,Damaged
RET1091,SAL08346,2022-11-27,PRD062,ST12,CUS0052,1,779.08,Changed Mind
RET1092,SAL07451,2023-10-28,PRD080,ST05,CUS0218,1,362.67,Damaged
RET1093,SAL04832,2022-08-28,PRD010,ST13,CUS0501,3,1511.67,Changed Mind
RET1094,SAL02776,2022-12-28,PRD075,ST02,CUS0548,1,636.03,Defective
RET1095,SAL11907,2023-06-10,PRD036,ST02,CUS0083,1,275.58,Performance Issues
RET1096,SAL02525,2022-04-08,PRD070,ST01,CUS0091,1,68.44,Changed Mind
RET1097,SAL06194,2025-01-08,PRD026,ST01,CUS0495,1,314.58,Wrong Item
RET1098,SAL00926,2023-01-16,PRD035,ST11,CUS0389,1,1271.69,Damaged
RET1099,SAL08333,2023-09-23,PRD083,ST10,CUS0369,1,363.71,Changed Mind
RET1100,SAL01236,2022-12-30,PRD076,ST13,CUS0491,1,536.02,Defective
RET1101,SAL11446,2023-02-19,PRD054,ST16,CUS0335,3,1171.37,Defective
RET1102,SAL06844,2025-07-23,PRD020,ST03,CUS0318,1,115.17,Changed Mind
RET1103,SAL01139,2024-07-08,PRD040,ST16,CUS0273,1,91.66,Wrong Item
RET1104,SAL05307,2024-09-09,PRD065,ST16,CUS0031,1,196.11,Performance Issues
RET1105,SAL10576,2022-07-14,PRD045,ST07,CUS0018,1,1280.51,Wrong Item
RET1106,SAL08652,2022-05-09,PRD009,ST09,CUS0596,1,1273.83,Wrong Item
RET1107,SAL07002,2025-09-14,PRD017,ST02,CUS0416,1,120.6,Defective
RET1108,SAL05318,2023-01-09,PRD034,ST02,CUS0551,1,350.07,Changed Mind
RET1109,SAL02049,2024-04-10,PRD029,ST04,CUS0270,1,245.27,Performance Issues
RET1110,SAL06061,2023-04-18,PRD037,ST11,CUS0328,1,1464.32,Performance Issues
RET1111,SAL06060,2025-05-25,PRD109,ST13,CUS0483,1,1103.99,Changed Mind
RET1112,SAL11234,2023-01-21,PRD003,ST09,CUS0289,1,225.39,Performance Issues
RET1113,SAL02778,2025-06-09,PRD104,ST17,CUS0278,1,295.67,Wrong Item
RET1114,SAL08977,2025-02-09,PRD051,ST14,CUS0144,2,2126.03,Changed Mind
RET1115,SAL00887,2024-03-30,PRD089,ST08,CUS0399,1,77.59,Defective
RET1116,SAL01661,2024-05-11,PRD030,ST01,CUS0117,1,34.94,Wrong Item
RET1117,SAL08451,2023-10-12,PRD052,ST17,CUS0027,1,531.13,Wrong Item
RET1118,SAL07240,2023-10-11,PRD015,ST14,CUS0132,1,1478.57,Damaged
RET1119,SAL10916,2025-08-21,PRD088,ST11,CUS0573,1,278.09,Wrong Item
RET1120,SAL00035,2022-09-15,PRD021,ST17,CUS0437,1,736.97,Defective
RET1121,SAL02851,2024-09-17,PRD036,ST01,CUS0207,1,445.44,Defective
RET1122,SAL05640,2022-10-21,PRD018,ST12,CUS0359,1,291.62,Defective
RET1123,SAL01499,2023-01-19,PRD098,ST14,CUS0094,1,216.28,Wrong Item
RET1124,SAL02010,2025-06-30,PRD064,ST10,CUS0322,2,173.44,Defective
RET1125,SAL10160,2023-10-06,PRD072,ST14,CUS0396,1,284.24,Performance Issues
RET1126,SAL07897,2023-03-29,PRD098,ST12,CUS0078,1,452.68,Wrong Item
RET1127,SAL01592,2023-04-07,PRD037,ST01,CUS0191,1,2340.65,Damaged
RET1128,SAL03004,2024-12-18,PRD046,ST07,CUS0183,1,364.22,Changed Mind
RET1129,SAL08535,2024-09-16,PRD046,ST08,CUS0396,1,489.78,Wrong Item
RET1130,SAL07612,2022-08-20,PRD054,ST12,CUS0372,1,244.32,Wrong Item
RET1131,SAL01289,2023-05-24,PRD058,ST09,CUS0342,2,510.54,Performance Issues
RET1132,SAL01052,2022-02-14,PRD018,ST16,CUS0262,1,1431.57,Damaged
RET1133,SAL03809,2022-12-11,PRD114,ST09,CUS0256,1,476.32,Performance Issues
RET1134,SAL11430,2025-07-16,PRD061,ST16,CUS0517,1,295.7,Damaged
RET1135,SAL01161,2024-09-03,PRD016,ST03,CUS0276,1,401.08,Damaged
RET1136,SAL09223,2023-01-15,PRD066,ST04,CUS0123,1,1848.27,Defective
RET1137,SAL09890,2022-09-14,PRD048,ST13,CUS0155,1,434.82,Defective
RET1138,SAL02023,2025-01-23,PRD103,ST06,CUS0191,1,134.42,Damaged
RET1139,SAL08426,2025-01-24,PRD082,ST15,CUS0042,1,738.22,Performance Issues
RET1140,SAL08503,2023-04-18,PRD085,ST14,CUS0042,1,1182.91,Defective
RET1141,SAL01779,2024-08-23,PRD050,ST16,CUS0482,1,382.06,Damaged
RET1142,SAL06561,2022-09-15,PRD017,ST10,CUS0429,1,177.9,Performance Issues
RET1143,SAL01475,2024-07-20,PRD016,ST03,CUS0544,2,740.25,Damaged
RET1144,SAL03044,2023-04-06,PRD044,ST12,CUS0492,1,390.44,Damaged
RET1145,SAL01151,2024-02-25,PRD033,ST14,CUS0465,1,216.68,Wrong Item
RET1146,SAL09008,2025-09-23,PRD102,ST05,CUS0132,1,59.3,Performance Issues
RET1147,SAL03713,2024-08-04,PRD069,ST11,CUS0143,1,184.78,Wrong Item
RET1148,SAL08825,2022-12-10,PRD001,ST15,CUS0293,4,2936.66,Wrong Item
RET1149,SAL06578,2022-08-28,PRD015,ST03,CUS0027,1,272.69,Performance Issues
RET1150,SAL11461,2022-05-27,PRD060,ST15,CUS0247,1,89.81,Wrong Item
RET1151,SAL00009,2024-09-27,PRD109,ST06,CUS0010,2,1599.05,Defective
RET1152,SAL11236,2022-03-04,PRD084,ST10,CUS0386,2,1338.93,Wrong Item
RET1153,SAL09461,2023-07-10,PRD050,ST12,CUS0437,1,382.6,Performance Issues
RET1154,SAL11632,2025-03-02,PRD084,ST08,CUS0468,1,350.58,Defective
RET1155,SAL10300,2025-05-30,PRD089,ST01,CUS0464,1,820.86,Defective
RET1156,SAL10939,2023-09-29,PRD074,ST17,CUS0298,1,63.99,Damaged
RET1157,SAL04664,2024-04-17,PRD062,ST06,CUS0066,1,836.45,Performance Issues
RET1158,SAL04389,2022-07-27,PRD074,ST12,CUS0082,1,96.25,Wrong Item
RET1159,SAL03585,2024-11-29,PRD098,ST11,CUS0065,1,614.39,Performance Issues
RET1160,SAL05959,2025-05-14,PRD101,ST12,CUS0129,1,482.2,Damaged
RET1161,SAL09693,2025-07-02,PRD074,ST16,CUS0245,1,224.07,Performance Issues
RET1162,SAL02827,2025-08-17,PRD096,ST17,CUS0422,1,642.83,Changed Mind
RET1163,SAL00488,2023-03-07,PRD047,ST12,CUS0447,1,211.39,Performance Issues
RET1164,SAL04305,2023-09-01,PRD053,ST12,CUS0238,1,415.82,Damaged
RET1165,SAL10283,2024-12-24,PRD050,ST02,CUS0445,1,425.06,Wrong Item
RET1166,SAL06284,2024-03-13,PRD075,ST08,CUS0596,1,944.19,Wrong Item
RET1167,SAL11806,2024-07-27,PRD110,ST14,CUS0523,1,297.86,Defective
RET1168,SAL11502,2025-07-03,PRD052,ST06,CUS0154,3,1054.76,Damaged
RET1169,SAL05563,2022-08-04,PRD051,ST13,CUS0180,1,692.66,Wrong Item
RET1170,SAL06289,2024-09-03,PRD025,ST09,CUS0008,1,768.79,Damaged
RET1171,SAL05131,2022-06-04,PRD074,ST04,CUS0456,1,61.87,Changed Mind
RET1172,SAL11786,2024-06-14,PRD064,ST13,CUS0356,1,49.0,Wrong Item
RET1173,SAL10650,2022-12-03,PRD051,ST07,CUS0430,1,601.5,Defective
RET1174,SAL05358,2023-05-31,PRD117,ST03,CUS0381,1,74.55,Wrong Item
RET1175,SAL11704,2025-06-08,PRD059,ST13,CUS0111,1,323.12,Performance Issues
RET1176,SAL03220,2022-05-15,PRD082,ST05,CUS0166,1,431.94,Defective
RET1177,SAL07145,2023-12-03,PRD040,ST15,CUS0536,1,228.43,Defective
RET1178,SAL09063,2023-11-29,PRD014,ST12,CUS0189,1,148.22,Damaged
RET1179,SAL05443,2022-12-19,PRD071,ST04,CUS0359,1,639.27,Defective
RET1180,SAL10025,2024-11-28,PRD074,ST02,CUS0322,2,204.93,Defective
RET1181,SAL00173,2022-07-25,PRD026,ST11,CUS0421,1,555.7,Changed Mind
RET1182,SAL02297,2022-05-05,PRD074,ST13,CUS0332,1,85.99,Wrong Item
RET1183,SAL03925,2024-01-12,PRD085,ST15,CUS0589,1,723.22,Performance Issues
RET1184,SAL10696,2024-09-02,PRD071,ST06,CUS0039,1,727.41,Performance Issues
RET1185,SAL08284,2025-05-23,PRD081,ST07,CUS0529,1,141.88,Damaged
RET1186,SAL06343,2022-12-25,PRD072,ST17,CUS0226,1,164.4,Wrong Item
RET1187,SAL01863,2024-07-04,PRD063,ST13,CUS0371,1,43.84,Performance Issues
RET1188,SAL03500,2022-10-15,PRD103,ST12,CUS0214,1,391.89,Performance Issues
RET1189,SAL00722,2023-12-03,PRD029,ST16,CUS0010,1,338.96,Defective
RET1190,SAL08335,2022-05-09,PRD021,ST03,CUS0137,1,468.33,Performance Issues
RET1191,SAL00672,2022-05-01,PRD038,ST01,CUS0493,1,385.94,Changed Mind
RET1192,SAL08229,2025-02-16,PRD018,ST14,CUS0405,1,314.67,Performance Issues
RET1193,SAL02505,2024-05-22,PRD071,ST09,CUS0346,1,1225.31,Changed Mind
RET1194,SAL04570,2024-06-28,PRD115,ST04,CUS0566,1,721.5,Performance Issues
RET1195,SAL04608,2024-07-12,PRD038,ST07,CUS0210,2,1655.19,Wrong Item
RET1196,SAL06643,2022-10-15,PRD070,ST04,CUS0553,1,20.07,Wrong Item
RET1197,SAL11807,2022-09-17,PRD028,ST07,CUS0117,1,73.48,Wrong Item
RET1198,SAL05212,2022-05-06,PRD073,ST05,CUS0560,1,1289.42,Wrong Item
RET1199,SAL09009,2025-04-17,PRD026,ST12,CUS0001,1,246.84,Defective
RET1200,SAL04260,2022-03-18,PRD064,ST15,CUS0025,1,46.73,Defective
